#
# There is insufficient memory for the Java Runtime Environment to continue.
# Native memory allocation (malloc) failed to allocate 1234416 bytes for Chunk::new
# Possible reasons:
#   The system is out of physical RAM or swap space
#   The process is running with CompressedOops enabled, and the Java Heap may be blocking the growth of the native heap
# Possible solutions:
#   Reduce memory load on the system
#   Increase physical memory or swap space
#   Check if swap backing store is full
#   Decrease Java heap size (-Xmx/-Xms)
#   Decrease number of Java threads
#   Decrease Java thread stack sizes (-Xss)
#   Set larger code cache with -XX:ReservedCodeCacheSize=
#   JVM is running with Unscaled Compressed Oops mode in which the Java heap is
#     placed in the first 4GB address space. The Java Heap base address is the
#     maximum limit for the native heap growth. Please use -XX:HeapBaseMinAddress
#     to set the Java Heap base and to place the Java Heap above 4GB virtual address.
# This output file may be truncated or incomplete.
#
#  Out of Memory Error (arena.cpp:168), pid=40240, tid=47256
#
# JRE version: Java(TM) SE Runtime Environment (21.0.10+8) (build 21.0.10+8-LTS-217)
# Java VM: Java HotSpot(TM) 64-Bit Server VM (21.0.10+8-LTS-217, mixed mode, sharing, tiered, compressed oops, compressed class ptrs, g1 gc, windows-amd64)
# No core dump will be written. Minidumps are not enabled by default on client versions of Windows
#

---------------  S U M M A R Y ------------

Command Line: --add-opens=java.base/java.util=ALL-UNNAMED --add-opens=java.base/java.lang=ALL-UNNAMED --add-opens=java.base/java.lang.invoke=ALL-UNNAMED --add-opens=java.prefs/java.util.prefs=ALL-UNNAMED --add-exports=jdk.compiler/com.sun.tools.javac.api=ALL-UNNAMED --add-exports=jdk.compiler/com.sun.tools.javac.util=ALL-UNNAMED --add-opens=java.base/java.nio.charset=ALL-UNNAMED --add-opens=java.base/java.net=ALL-UNNAMED --add-opens=java.base/java.util.concurrent.atomic=ALL-UNNAMED -Xmx2048m -Dfile.encoding=UTF-8 -Duser.country=CN -Duser.language=zh -Duser.variant -javaagent:C:\Users\26811\.gradle\wrapper\dists\gradle-8.9-bin\90cnw93cvbtalezasaz0blq0a\gradle-8.9\lib\agents\gradle-instrumentation-agent-8.9.jar org.gradle.launcher.daemon.bootstrap.GradleDaemon 8.9

Host: AMD Ryzen 7 4800H with Radeon Graphics         , 16 cores, 15G,  Windows 10 , 64 bit Build 19041 (10.0.19041.5915)
Time: Sun Oct  4 21:13:47 2026 elapsed time: 6929.415269 seconds (0d 1h 55m 29s)

---------------  T H R E A D  ---------------

Current thread (0x000002c8fb239830):  JavaThread "C2 CompilerThread0" daemon [_thread_in_native, id=47256, stack(0x000000eb03f00000,0x000000eb04000000) (1024K)]


Current CompileTask:
C2:6929415 54474 % !   4       com.android.tools.r8.dex.C::k @ 99 (2698 bytes)

Stack: [0x000000eb03f00000,0x000000eb04000000]
Native frames: (J=compiled Java code, j=interpreted, Vv=VM code, C=native code)
V  [jvm.dll+0x6d0b59]
V  [jvm.dll+0x85fd56]
V  [jvm.dll+0x86224e]
V  [jvm.dll+0x862923]
V  [jvm.dll+0x282a16]
V  [jvm.dll+0xc662d]
V  [jvm.dll+0xc6b71]
V  [jvm.dll+0x2f800e]
V  [jvm.dll+0x5fadb7]
V  [jvm.dll+0x2549d7]
V  [jvm.dll+0x24cd64]
V  [jvm.dll+0x24a84e]
V  [jvm.dll+0x1cacfe]
V  [jvm.dll+0x25a629]
V  [jvm.dll+0x258bb5]
V  [jvm.dll+0x3f4da1]
V  [jvm.dll+0x80a83d]
V  [jvm.dll+0x6cf3fd]
C  [ucrtbase.dll+0x21bb2]
C  [KERNEL32.DLL+0x17374]
C  [ntdll.dll+0x4cc91]


---------------  P R O C E S S  ---------------

Threads class SMR info:
_java_thread_list=0x000002c8d7014c40, length=235, elements={
0x000002c8ecc85560, 0x000002c8fb22d890, 0x000002c8fb22e3c0, 0x000002c8fb22fda0,
0x000002c8fb232920, 0x000002c8fb236fa0, 0x000002c8fb237e80, 0x000002c8fb239830,
0x000002c8fb23e3f0, 0x000002c8fb60b850, 0x000002c8fb60e640, 0x000002c8fb60d920,
0x000002c8fb60dfb0, 0x000002c8fb60b1c0, 0x000002c8d5b731b0, 0x000002c8d5b70a50,
0x000002c8d5b710e0, 0x000002c8d5b71e00, 0x000002c8d5b72490, 0x000002c8d5b73840,
0x000002c8da1790f0, 0x000002c8e226f270, 0x000002c8e226c480, 0x000002c8e226ff90,
0x000002c8e2271340, 0x000002c8d4526840, 0x000002c8e82a9850, 0x000002c8e82a7780,
0x000002c8e82b1b90, 0x000002c8e82b56a0, 0x000002c8e82b63c0, 0x000002c8e82babf0,
0x000002c8e82ba560, 0x000002c8e82b91b0, 0x000002c8e2b4a620, 0x000002c8e2b4daa0,
0x000002c8e82b5d30, 0x000002c8e82bed90, 0x000002c8e82d72c0, 0x000002c8e82da0b0,
0x000002c8e226d1a0, 0x000002c8fcbe8520, 0x000002c8e3416d40, 0x000002c8e235c250,
0x000002c8d6f57cf0, 0x000002c8fcbe9240, 0x000002c8dc766ad0, 0x000002c8dc767e80,
0x000002c8e237f9a0, 0x000002c8d6449eb0, 0x000002c8d6448470, 0x000002c8da78f4c0,
0x000002c8dd5ee9c0, 0x000002c8d6448b00, 0x000002c8d6f55590, 0x000002c8e3fff210,
0x000002c8e7c18680, 0x000002c8d6f56940, 0x000002c8d6f56fd0, 0x000002c8e235e9b0,
0x000002c8e235d600, 0x000002c8e235f040, 0x000002c8e3ffde60, 0x000002c8e3ffd140,
0x000002c8e3ffe4f0, 0x000002c8e3ffff30, 0x000002c8e40005c0, 0x000002c8fb1929a0,
0x000002c8fb193030, 0x000002c8fb1908d0, 0x000002c8fb1936c0, 0x000002c8fb190f60,
0x000002c8fb193d50, 0x000002c8fb1915f0, 0x000002c8fb191c80, 0x000002c8e443a840,
0x000002c8e443a1b0, 0x000002c8e443aed0, 0x000002c8e443bbf0, 0x000002c8e443cfa0,
0x000002c8e443b560, 0x000002c8e443c280, 0x000002c8e3d9dc00, 0x000002c8e3d9f640,
0x000002c8e3d9efb0, 0x000002c8e3d9e290, 0x000002c8e3d9c1c0, 0x000002c8e3d9d570,
0x000002c8e3d9e920, 0x000002c8e3d9c850, 0x000002c8d423c5b0, 0x000002c8d423cc40,
0x000002c8d423d2d0, 0x000002c8d423b890, 0x000002c8d423d960, 0x000002c8d423dff0,
0x000002c8d423bf20, 0x000002c8d423e680, 0x000002c8d423b200, 0x000002c8e82d65a0,
0x000002c8e9607360, 0x000002c8e9605920, 0x000002c8e96079f0, 0x000002c8e9608080,
0x000002c8e9606640, 0x000002c8e82d3120, 0x000002c8e9606cd0, 0x000002c8e9608710,
0x000002c8e9608da0, 0x000002c8e9605fb0, 0x000002c8d6f55c20, 0x000002c8d6f562b0,
0x000002c8d6f57660, 0x000002c8d6f54870, 0x000002c8e857d880, 0x000002c8e82d37b0,
0x000002c8e82d3e40, 0x000002c8e82d6c30, 0x000002c8e82d7950, 0x000002c8e82d8d00,
0x000002c8e82d9390, 0x000002c8e82d7fe0, 0x000002c8e82d5880, 0x000002c8e82d8670,
0x000002c8e82d9a20, 0x000002c8e82d2a90, 0x000002c8e82d44d0, 0x000002c8e82da740,
0x000002c8e82d5f10, 0x000002c8e82db460, 0x000002c8d44ae400, 0x000002c8dd313ca0,
0x000002c8dd3128f0, 0x000002c8dd315050, 0x000002c8dd314330, 0x000002c8dd313610,
0x000002c8dd3156e0, 0x000002c8dd312f80, 0x000002c8dd3149c0, 0x000002c8dd312260,
0x000002c8fb3c8830, 0x000002c8fb3c7b10, 0x000002c8fb3c81a0, 0x000002c8fb3c8ec0,
0x000002c8fb3c9550, 0x000002c8fb3c9be0, 0x000002c8e3ffd7d0, 0x000002c8e333a780,
0x000002c8e443d630, 0x000002c8d783edf0, 0x000002c8d783b970, 0x000002c8d783e760,
0x000002c8d783c000, 0x000002c8d783c690, 0x000002c8d783e0d0, 0x000002c8d783cd20,
0x000002c8e235e320, 0x000002c8e235f6d0, 0x000002c8e235c8e0, 0x000002c8e235cf70,
0x000002c8e235dc90, 0x000002c8e3804180, 0x000002c8e3804810, 0x000002c8fb4a56a0,
0x000002c8fb4a5010, 0x000002c8fb4a1b90, 0x000002c8d6447de0, 0x000002c8d6449190,
0x000002c8d6449820, 0x000002c8d644abd0, 0x000002c8d644b260, 0x000002c8e2e631c0,
0x000002c8e2e63850, 0x000002c8e2e63ee0, 0x000002c8e2e64570, 0x000002c8e2e64c00,
0x000002c8d8c0dda0, 0x000002c8d8c0d710, 0x000002c8d8c0e430, 0x000002c8d8c0eac0,
0x000002c8e2e10150, 0x000002c8e2e0eda0, 0x000002c8e2e12220, 0x000002c8e2e0f430,
0x000002c8e2e107e0, 0x000002c8e2e10e70, 0x000002c8e2e11500, 0x000002c8e857cb60,
0x000002c8e857d1f0, 0x000002c8d61aeb80, 0x000002c8d61af210, 0x000002c8d61af8a0,
0x000002c8e7c16c40, 0x000002c8e7c15890, 0x000002c8e7c15f20, 0x000002c8e7c15200,
0x000002c8e7c172d0, 0x000002c8fcbe98d0, 0x000002c8fcbe9f60, 0x000002c8e82dbaf0,
0x000002c8e82e23f0, 0x000002c8e82d4b60, 0x000002c8e82ddbc0, 0x000002c8e82dc810,
0x000002c8e82dcea0, 0x000002c8e82e16d0, 0x000002c8e82e1040, 0x000002c8e82e0320,
0x000002c8e82dd530, 0x000002c8e82dc180, 0x000002c8e82e1d60, 0x000002c8e82e2a80,
0x000002c8fb3ca270, 0x000002c8fb3ca900, 0x000002c8fb3c7480, 0x000002c8d9437cf0,
0x000002c8d9438380, 0x000002c8d9439730, 0x000002c8d9439dc0, 0x000002c8d943aae0,
0x000002c8d9437660, 0x000002c8d943a450, 0x000002c8d9438a10, 0x000002c8d94390a0,
0x000002c8d8a1ca20, 0x000002c8d8a1aee0, 0x000002c8d8a1b5b0, 0x000002c8d8a1c350,
0x000002c8dbfd9e70, 0x000002c8dbfdb2e0, 0x000002c8dbfdb9b0, 0x000002c8dbfdc750,
0x000002c8dbfdce20, 0x000002c8daa6a340, 0x000002c8e20c6990
}

Java Threads: ( => current thread )
  0x000002c8ecc85560 JavaThread "main"                              [_thread_blocked, id=33868, stack(0x000000eb03100000,0x000000eb03200000) (1024K)]
  0x000002c8fb22d890 JavaThread "Reference Handler"          daemon [_thread_blocked, id=38588, stack(0x000000eb03900000,0x000000eb03a00000) (1024K)]
  0x000002c8fb22e3c0 JavaThread "Finalizer"                  daemon [_thread_blocked, id=42200, stack(0x000000eb03a00000,0x000000eb03b00000) (1024K)]
  0x000002c8fb22fda0 JavaThread "Signal Dispatcher"          daemon [_thread_blocked, id=42192, stack(0x000000eb03b00000,0x000000eb03c00000) (1024K)]
  0x000002c8fb232920 JavaThread "Attach Listener"            daemon [_thread_blocked, id=33304, stack(0x000000eb03c00000,0x000000eb03d00000) (1024K)]
  0x000002c8fb236fa0 JavaThread "Service Thread"             daemon [_thread_blocked, id=10524, stack(0x000000eb03d00000,0x000000eb03e00000) (1024K)]
  0x000002c8fb237e80 JavaThread "Monitor Deflation Thread"   daemon [_thread_blocked, id=10040, stack(0x000000eb03e00000,0x000000eb03f00000) (1024K)]
=>0x000002c8fb239830 JavaThread "C2 CompilerThread0"         daemon [_thread_in_native, id=47256, stack(0x000000eb03f00000,0x000000eb04000000) (1024K)]
  0x000002c8fb23e3f0 JavaThread "C1 CompilerThread0"         daemon [_thread_blocked, id=26680, stack(0x000000eb04000000,0x000000eb04100000) (1024K)]
  0x000002c8fb60b850 JavaThread "Common-Cleaner"             daemon [_thread_blocked, id=27324, stack(0x000000eb04200000,0x000000eb04300000) (1024K)]
  0x000002c8fb60e640 JavaThread "Notification Thread"        daemon [_thread_blocked, id=29820, stack(0x000000eb04300000,0x000000eb04400000) (1024K)]
  0x000002c8fb60d920 JavaThread "Daemon health stats"               [_thread_blocked, id=31708, stack(0x000000eb04500000,0x000000eb04600000) (1024K)]
  0x000002c8fb60dfb0 JavaThread "Incoming local TCP Connector on port 59959"        [_thread_in_native, id=40068, stack(0x000000eb04600000,0x000000eb04700000) (1024K)]
  0x000002c8fb60b1c0 JavaThread "Daemon periodic checks"            [_thread_blocked, id=36696, stack(0x000000eb04f00000,0x000000eb05000000) (1024K)]
  0x000002c8d5b731b0 JavaThread "Cache worker for journal cache (C:\Users\26811\.gradle\caches\journal-1)"        [_thread_blocked, id=54780, stack(0x000000eb05700000,0x000000eb05800000) (1024K)]
  0x000002c8d5b70a50 JavaThread "File lock request listener"        [_thread_in_native, id=6008, stack(0x000000eb05800000,0x000000eb05900000) (1024K)]
  0x000002c8d5b710e0 JavaThread "Cache worker for file hash cache (C:\Users\26811\.gradle\caches\8.9\fileHashes)"        [_thread_blocked, id=31784, stack(0x000000eb05900000,0x000000eb05a00000) (1024K)]
  0x000002c8d5b71e00 JavaThread "File watcher server"        daemon [_thread_in_native, id=30488, stack(0x000000eb06600000,0x000000eb06700000) (1024K)]
  0x000002c8d5b72490 JavaThread "File watcher consumer"      daemon [_thread_blocked, id=31988, stack(0x000000eb06700000,0x000000eb06800000) (1024K)]
  0x000002c8d5b73840 JavaThread "Cache worker for file content cache (C:\Users\26811\.gradle\caches\8.9\fileContent)"        [_thread_blocked, id=44192, stack(0x000000eb06800000,0x000000eb06900000) (1024K)]
  0x000002c8da1790f0 JavaThread "Memory manager"                    [_thread_blocked, id=26692, stack(0x000000eb08b00000,0x000000eb08c00000) (1024K)]
  0x000002c8e226f270 JavaThread "RMI Scheduler(0)"           daemon [_thread_blocked, id=31244, stack(0x000000eb04e00000,0x000000eb04f00000) (1024K)]
  0x000002c8e226c480 JavaThread "RMI GC Daemon"              daemon [_thread_blocked, id=49028, stack(0x000000eb0ac00000,0x000000eb0ad00000) (1024K)]
  0x000002c8e226ff90 JavaThread "RMI TCP Accept-0"           daemon [_thread_in_native, id=10768, stack(0x000000eb12100000,0x000000eb12200000) (1024K)]
  0x000002c8e2271340 JavaThread "RMI Reaper"                        [_thread_blocked, id=5772, stack(0x000000eb12700000,0x000000eb12800000) (1024K)]
  0x000002c8d4526840 JavaThread "Cache worker for Java compile cache (C:\Users\26811\.gradle\caches\8.9\javaCompile)"        [_thread_blocked, id=34624, stack(0x000000eb13200000,0x000000eb13300000) (1024K)]
  0x000002c8e82a9850 JavaThread "jar transforms"                    [_thread_blocked, id=29684, stack(0x000000eb05500000,0x000000eb05600000) (1024K)]
  0x000002c8e82a7780 JavaThread "jar transforms Thread 2"           [_thread_blocked, id=52404, stack(0x000000eb05600000,0x000000eb05700000) (1024K)]
  0x000002c8e82b1b90 JavaThread "jar transforms Thread 3"           [_thread_blocked, id=54600, stack(0x000000eb06c00000,0x000000eb06d00000) (1024K)]
  0x000002c8e82b56a0 JavaThread "jar transforms Thread 4"           [_thread_blocked, id=45896, stack(0x000000eb08300000,0x000000eb08400000) (1024K)]
  0x000002c8e82b63c0 JavaThread "jar transforms Thread 5"           [_thread_blocked, id=53548, stack(0x000000eb08400000,0x000000eb08500000) (1024K)]
  0x000002c8e82babf0 JavaThread "jar transforms Thread 6"           [_thread_blocked, id=30532, stack(0x000000eb09100000,0x000000eb09200000) (1024K)]
  0x000002c8e82ba560 JavaThread "jar transforms Thread 7"           [_thread_blocked, id=1452, stack(0x000000eb09200000,0x000000eb09300000) (1024K)]
  0x000002c8e82b91b0 JavaThread "jar transforms Thread 8"           [_thread_blocked, id=39732, stack(0x000000eb09300000,0x000000eb09400000) (1024K)]
  0x000002c8e2b4a620 JavaThread "jar transforms Thread 9"           [_thread_blocked, id=52352, stack(0x000000eb07400000,0x000000eb07500000) (1024K)]
  0x000002c8e2b4daa0 JavaThread "jar transforms Thread 10"          [_thread_blocked, id=29000, stack(0x000000eb08d00000,0x000000eb08e00000) (1024K)]
  0x000002c8e82b5d30 JavaThread "jar transforms Thread 11"          [_thread_blocked, id=41596, stack(0x000000eb08000000,0x000000eb08100000) (1024K)]
  0x000002c8e82bed90 JavaThread "jar transforms Thread 12"          [_thread_blocked, id=44568, stack(0x000000eb09d00000,0x000000eb09e00000) (1024K)]
  0x000002c8e82d72c0 JavaThread "jar transforms Thread 13"          [_thread_blocked, id=32496, stack(0x000000eb07d00000,0x000000eb07e00000) (1024K)]
  0x000002c8e82da0b0 JavaThread "jar transforms Thread 14"          [_thread_blocked, id=50324, stack(0x000000eb08e00000,0x000000eb08f00000) (1024K)]
  0x000002c8e226d1a0 JavaThread "ForkJoinPool.commonPool-worker-57" daemon [_thread_blocked, id=36284, stack(0x000000eb0e700000,0x000000eb0e800000) (1024K)]
  0x000002c8fcbe8520 JavaThread "ForkJoinPool.commonPool-worker-61" daemon [_thread_blocked, id=47308, stack(0x000000eb10900000,0x000000eb10a00000) (1024K)]
  0x000002c8e3416d40 JavaThread "ForkJoinPool.commonPool-worker-63" daemon [_thread_blocked, id=39276, stack(0x000000eb10d00000,0x000000eb10e00000) (1024K)]
  0x000002c8e235c250 JavaThread "ForkJoinPool.commonPool-worker-66" daemon [_thread_in_native, id=3612, stack(0x000000eb11000000,0x000000eb11100000) (1024K)]
  0x000002c8d6f57cf0 JavaThread "ForkJoinPool.commonPool-worker-68" daemon [_thread_blocked, id=46596, stack(0x000000eb11100000,0x000000eb11200000) (1024K)]
  0x000002c8fcbe9240 JavaThread "ForkJoinPool.commonPool-worker-69" daemon [_thread_blocked, id=964, stack(0x000000eb11200000,0x000000eb11300000) (1024K)]
  0x000002c8dc766ad0 JavaThread "ForkJoinPool.commonPool-worker-71" daemon [_thread_blocked, id=19968, stack(0x000000eb0ea00000,0x000000eb0eb00000) (1024K)]
  0x000002c8dc767e80 JavaThread "ForkJoinPool.commonPool-worker-73" daemon [_thread_blocked, id=48988, stack(0x000000eb11400000,0x000000eb11500000) (1024K)]
  0x000002c8e237f9a0 JavaThread "ForkJoinPool.commonPool-worker-75" daemon [_thread_blocked, id=27348, stack(0x000000eb11600000,0x000000eb11700000) (1024K)]
  0x000002c8d6449eb0 JavaThread "ForkJoinPool.commonPool-worker-76" daemon [_thread_in_native, id=53920, stack(0x000000eb10800000,0x000000eb10900000) (1024K)]
  0x000002c8d6448470 JavaThread "ForkJoinPool.commonPool-worker-77" daemon [_thread_blocked, id=13552, stack(0x000000eb10a00000,0x000000eb10b00000) (1024K)]
  0x000002c8da78f4c0 JavaThread "jar transforms Thread 15"          [_thread_blocked, id=51932, stack(0x000000eb08500000,0x000000eb08600000) (1024K)]
  0x000002c8dd5ee9c0 JavaThread "jar transforms Thread 16"          [_thread_blocked, id=20972, stack(0x000000eb0a100000,0x000000eb0a200000) (1024K)]
  0x000002c8d6448b00 JavaThread "RMI TCP Connection(83)-127.0.0.1" daemon [_thread_in_native, id=5376, stack(0x000000eb02e00000,0x000000eb02f00000) (1024K)]
  0x000002c8d6f55590 JavaThread "File lock release action executor Thread 9"        [_thread_blocked, id=13764, stack(0x000000eb02f00000,0x000000eb03000000) (1024K)]
  0x000002c8e3fff210 JavaThread "Daemon Thread 13"                  [_thread_blocked, id=52164, stack(0x000000eb03000000,0x000000eb03100000) (1024K)]
  0x000002c8e7c18680 JavaThread "Handler for socket connection from /127.0.0.1:59959 to /127.0.0.1:54300"        [_thread_in_native, id=45840, stack(0x000000eb04100000,0x000000eb04200000) (1024K)]
  0x000002c8d6f56940 JavaThread "Cancel handler"                    [_thread_blocked, id=45316, stack(0x000000eb04400000,0x000000eb04500000) (1024K)]
  0x000002c8d6f56fd0 JavaThread "Daemon worker Thread 13"           [_thread_blocked, id=18972, stack(0x000000eb04700000,0x000000eb04800000) (1024K)]
  0x000002c8e235e9b0 JavaThread "Asynchronous log dispatcher for DefaultDaemonConnection: socket connection from /127.0.0.1:59959 to /127.0.0.1:54300"        [_thread_blocked, id=10796, stack(0x000000eb04d00000,0x000000eb04e00000) (1024K)]
  0x000002c8e235d600 JavaThread "Stdin handler"                     [_thread_blocked, id=24204, stack(0x000000eb05000000,0x000000eb05100000) (1024K)]
  0x000002c8e235f040 JavaThread "Daemon client event forwarder"        [_thread_blocked, id=39176, stack(0x000000eb05100000,0x000000eb05200000) (1024K)]
  0x000002c8e3ffde60 JavaThread "Cache worker for file hash cache (C:\Users\26811\Desktop\AIpuls\xingmou-app\.gradle\8.9\fileHashes)"        [_thread_blocked, id=54708, stack(0x000000eb05200000,0x000000eb05300000) (1024K)]
  0x000002c8e3ffd140 JavaThread "Cache worker for Build Output Cleanup Cache (C:\Users\26811\Desktop\AIpuls\xingmou-app\.gradle\buildOutputCleanup)"        [_thread_blocked, id=27040, stack(0x000000eb05300000,0x000000eb05400000) (1024K)]
  0x000002c8e3ffe4f0 JavaThread "Cache worker for checksums cache (C:\Users\26811\Desktop\AIpuls\xingmou-app\.gradle\8.9\checksums)"        [_thread_blocked, id=46468, stack(0x000000eb05400000,0x000000eb05500000) (1024K)]
  0x000002c8e3ffff30 JavaThread "Cache worker for cache directory md-rule (C:\Users\26811\.gradle\caches\8.9\md-rule)"        [_thread_blocked, id=14280, stack(0x000000eb05a00000,0x000000eb05b00000) (1024K)]
  0x000002c8e40005c0 JavaThread "Cache worker for cache directory md-supplier (C:\Users\26811\.gradle\caches\8.9\md-supplier)"        [_thread_blocked, id=43784, stack(0x000000eb06400000,0x000000eb06500000) (1024K)]
  0x000002c8fb1929a0 JavaThread "Unconstrained build operations"        [_thread_blocked, id=43164, stack(0x000000eb06e00000,0x000000eb06f00000) (1024K)]
  0x000002c8fb193030 JavaThread "Unconstrained build operations Thread 2"        [_thread_blocked, id=27760, stack(0x000000eb06f00000,0x000000eb07000000) (1024K)]
  0x000002c8fb1908d0 JavaThread "Unconstrained build operations Thread 3"        [_thread_blocked, id=49552, stack(0x000000eb07000000,0x000000eb07100000) (1024K)]
  0x000002c8fb1936c0 JavaThread "Unconstrained build operations Thread 4"        [_thread_blocked, id=5356, stack(0x000000eb07100000,0x000000eb07200000) (1024K)]
  0x000002c8fb190f60 JavaThread "Unconstrained build operations Thread 5"        [_thread_blocked, id=49064, stack(0x000000eb07200000,0x000000eb07300000) (1024K)]
  0x000002c8fb193d50 JavaThread "Unconstrained build operations Thread 6"        [_thread_blocked, id=53688, stack(0x000000eb07300000,0x000000eb07400000) (1024K)]
  0x000002c8fb1915f0 JavaThread "Unconstrained build operations Thread 7"        [_thread_blocked, id=32028, stack(0x000000eb07500000,0x000000eb07600000) (1024K)]
  0x000002c8fb191c80 JavaThread "Unconstrained build operations Thread 8"        [_thread_blocked, id=7820, stack(0x000000eb07600000,0x000000eb07700000) (1024K)]
  0x000002c8e443a840 JavaThread "Unconstrained build operations Thread 9"        [_thread_blocked, id=43464, stack(0x000000eb07700000,0x000000eb07800000) (1024K)]
  0x000002c8e443a1b0 JavaThread "Unconstrained build operations Thread 10"        [_thread_blocked, id=34596, stack(0x000000eb07800000,0x000000eb07900000) (1024K)]
  0x000002c8e443aed0 JavaThread "Unconstrained build operations Thread 11"        [_thread_blocked, id=47048, stack(0x000000eb07900000,0x000000eb07a00000) (1024K)]
  0x000002c8e443bbf0 JavaThread "Unconstrained build operations Thread 12"        [_thread_blocked, id=48460, stack(0x000000eb07a00000,0x000000eb07b00000) (1024K)]
  0x000002c8e443cfa0 JavaThread "Unconstrained build operations Thread 13"        [_thread_blocked, id=49320, stack(0x000000eb07b00000,0x000000eb07c00000) (1024K)]
  0x000002c8e443b560 JavaThread "Unconstrained build operations Thread 14"        [_thread_blocked, id=50088, stack(0x000000eb07c00000,0x000000eb07d00000) (1024K)]
  0x000002c8e443c280 JavaThread "Unconstrained build operations Thread 15"        [_thread_blocked, id=51776, stack(0x000000eb07e00000,0x000000eb07f00000) (1024K)]
  0x000002c8e3d9dc00 JavaThread "Unconstrained build operations Thread 16"        [_thread_blocked, id=49996, stack(0x000000eb07f00000,0x000000eb08000000) (1024K)]
  0x000002c8e3d9f640 JavaThread "Unconstrained build operations Thread 17"        [_thread_blocked, id=31008, stack(0x000000eb08100000,0x000000eb08200000) (1024K)]
  0x000002c8e3d9efb0 JavaThread "Unconstrained build operations Thread 18"        [_thread_blocked, id=9464, stack(0x000000eb08200000,0x000000eb08300000) (1024K)]
  0x000002c8e3d9e290 JavaThread "Unconstrained build operations Thread 19"        [_thread_blocked, id=34180, stack(0x000000eb08600000,0x000000eb08700000) (1024K)]
  0x000002c8e3d9c1c0 JavaThread "Unconstrained build operations Thread 20"        [_thread_blocked, id=54400, stack(0x000000eb08700000,0x000000eb08800000) (1024K)]
  0x000002c8e3d9d570 JavaThread "Unconstrained build operations Thread 21"        [_thread_blocked, id=50428, stack(0x000000eb08800000,0x000000eb08900000) (1024K)]
  0x000002c8e3d9e920 JavaThread "Unconstrained build operations Thread 22"        [_thread_blocked, id=14380, stack(0x000000eb08900000,0x000000eb08a00000) (1024K)]
  0x000002c8e3d9c850 JavaThread "Unconstrained build operations Thread 23"        [_thread_blocked, id=48244, stack(0x000000eb08a00000,0x000000eb08b00000) (1024K)]
  0x000002c8d423c5b0 JavaThread "Unconstrained build operations Thread 24"        [_thread_blocked, id=44112, stack(0x000000eb08c00000,0x000000eb08d00000) (1024K)]
  0x000002c8d423cc40 JavaThread "Unconstrained build operations Thread 25"        [_thread_blocked, id=46280, stack(0x000000eb08f00000,0x000000eb09000000) (1024K)]
  0x000002c8d423d2d0 JavaThread "Unconstrained build operations Thread 26"        [_thread_blocked, id=24084, stack(0x000000eb09000000,0x000000eb09100000) (1024K)]
  0x000002c8d423b890 JavaThread "Unconstrained build operations Thread 27"        [_thread_blocked, id=6636, stack(0x000000eb09400000,0x000000eb09500000) (1024K)]
  0x000002c8d423d960 JavaThread "Unconstrained build operations Thread 28"        [_thread_blocked, id=25108, stack(0x000000eb09500000,0x000000eb09600000) (1024K)]
  0x000002c8d423dff0 JavaThread "Unconstrained build operations Thread 29"        [_thread_blocked, id=36076, stack(0x000000eb09600000,0x000000eb09700000) (1024K)]
  0x000002c8d423bf20 JavaThread "Unconstrained build operations Thread 30"        [_thread_blocked, id=43396, stack(0x000000eb09700000,0x000000eb09800000) (1024K)]
  0x000002c8d423e680 JavaThread "build event listener"              [_thread_blocked, id=10404, stack(0x000000eb09800000,0x000000eb09900000) (1024K)]
  0x000002c8d423b200 JavaThread "included builds"                   [_thread_blocked, id=46776, stack(0x000000eb09900000,0x000000eb09a00000) (1024K)]
  0x000002c8e82d65a0 JavaThread "Execution worker"                  [_thread_blocked, id=30384, stack(0x000000eb09a00000,0x000000eb09b00000) (1024K)]
  0x000002c8e9607360 JavaThread "Execution worker Thread 2"         [_thread_blocked, id=16868, stack(0x000000eb09b00000,0x000000eb09c00000) (1024K)]
  0x000002c8e9605920 JavaThread "Execution worker Thread 3"         [_thread_blocked, id=12444, stack(0x000000eb09c00000,0x000000eb09d00000) (1024K)]
  0x000002c8e96079f0 JavaThread "Execution worker Thread 4"         [_thread_blocked, id=14104, stack(0x000000eb09e00000,0x000000eb09f00000) (1024K)]
  0x000002c8e9608080 JavaThread "Execution worker Thread 5"         [_thread_blocked, id=42416, stack(0x000000eb09f00000,0x000000eb0a000000) (1024K)]
  0x000002c8e9606640 JavaThread "Execution worker Thread 6"         [_thread_blocked, id=7116, stack(0x000000eb0a000000,0x000000eb0a100000) (1024K)]
  0x000002c8e82d3120 JavaThread "Cache worker for execution history cache (C:\Users\26811\Desktop\AIpuls\xingmou-app\.gradle\8.9\executionHistory)"        [_thread_blocked, id=38224, stack(0x000000eb0a200000,0x000000eb0a300000) (1024K)]
  0x000002c8e9606cd0 JavaThread "Execution worker Thread 7"         [_thread_blocked, id=54000, stack(0x000000eb0a300000,0x000000eb0a400000) (1024K)]
  0x000002c8e9608710 JavaThread "Execution worker Thread 8"         [_thread_blocked, id=52344, stack(0x000000eb0a400000,0x000000eb0a500000) (1024K)]
  0x000002c8e9608da0 JavaThread "Execution worker Thread 9"         [_thread_blocked, id=29796, stack(0x000000eb0a500000,0x000000eb0a600000) (1024K)]
  0x000002c8e9605fb0 JavaThread "Execution worker Thread 10"        [_thread_blocked, id=19908, stack(0x000000eb0a600000,0x000000eb0a700000) (1024K)]
  0x000002c8d6f55c20 JavaThread "Execution worker Thread 11"        [_thread_blocked, id=55012, stack(0x000000eb0a700000,0x000000eb0a800000) (1024K)]
  0x000002c8d6f562b0 JavaThread "Execution worker Thread 12"        [_thread_blocked, id=40268, stack(0x000000eb0a800000,0x000000eb0a900000) (1024K)]
  0x000002c8d6f57660 JavaThread "Execution worker Thread 13"        [_thread_blocked, id=52808, stack(0x000000eb0a900000,0x000000eb0aa00000) (1024K)]
  0x000002c8d6f54870 JavaThread "Execution worker Thread 14"        [_thread_blocked, id=31356, stack(0x000000eb0aa00000,0x000000eb0ab00000) (1024K)]
  0x000002c8e857d880 JavaThread "Execution worker Thread 15"        [_thread_blocked, id=8476, stack(0x000000eb0ab00000,0x000000eb0ac00000) (1024K)]
  0x000002c8e82d37b0 JavaThread "Unconstrained build operations Thread 31"        [_thread_blocked, id=38160, stack(0x000000eb0ad00000,0x000000eb0ae00000) (1024K)]
  0x000002c8e82d3e40 JavaThread "Unconstrained build operations Thread 32"        [_thread_blocked, id=43984, stack(0x000000eb0ae00000,0x000000eb0af00000) (1024K)]
  0x000002c8e82d6c30 JavaThread "Unconstrained build operations Thread 33"        [_thread_blocked, id=49436, stack(0x000000eb0af00000,0x000000eb0b000000) (1024K)]
  0x000002c8e82d7950 JavaThread "Unconstrained build operations Thread 34"        [_thread_blocked, id=49496, stack(0x000000eb0b000000,0x000000eb0b100000) (1024K)]
  0x000002c8e82d8d00 JavaThread "Unconstrained build operations Thread 35"        [_thread_blocked, id=47040, stack(0x000000eb0b100000,0x000000eb0b200000) (1024K)]
  0x000002c8e82d9390 JavaThread "Unconstrained build operations Thread 36"        [_thread_blocked, id=55072, stack(0x000000eb0b200000,0x000000eb0b300000) (1024K)]
  0x000002c8e82d7fe0 JavaThread "Unconstrained build operations Thread 37"        [_thread_blocked, id=35284, stack(0x000000eb0b300000,0x000000eb0b400000) (1024K)]
  0x000002c8e82d5880 JavaThread "Unconstrained build operations Thread 38"        [_thread_blocked, id=52600, stack(0x000000eb0b400000,0x000000eb0b500000) (1024K)]
  0x000002c8e82d8670 JavaThread "Unconstrained build operations Thread 39"        [_thread_blocked, id=49960, stack(0x000000eb0b500000,0x000000eb0b600000) (1024K)]
  0x000002c8e82d9a20 JavaThread "Unconstrained build operations Thread 40"        [_thread_blocked, id=22112, stack(0x000000eb0b600000,0x000000eb0b700000) (1024K)]
  0x000002c8e82d2a90 JavaThread "Unconstrained build operations Thread 41"        [_thread_blocked, id=40828, stack(0x000000eb0b700000,0x000000eb0b800000) (1024K)]
  0x000002c8e82d44d0 JavaThread "Unconstrained build operations Thread 42"        [_thread_blocked, id=33960, stack(0x000000eb0b800000,0x000000eb0b900000) (1024K)]
  0x000002c8e82da740 JavaThread "Unconstrained build operations Thread 43"        [_thread_blocked, id=54664, stack(0x000000eb0b900000,0x000000eb0ba00000) (1024K)]
  0x000002c8e82d5f10 JavaThread "Unconstrained build operations Thread 44"        [_thread_blocked, id=31480, stack(0x000000eb0ba00000,0x000000eb0bb00000) (1024K)]
  0x000002c8e82db460 JavaThread "Unconstrained build operations Thread 45"        [_thread_blocked, id=5304, stack(0x000000eb0bb00000,0x000000eb0bc00000) (1024K)]
  0x000002c8d44ae400 JavaThread "WorkerExecutor Queue"              [_thread_blocked, id=32700, stack(0x000000eb0be00000,0x000000eb0bf00000) (1024K)]
  0x000002c8dd313ca0 JavaThread "Unconstrained build operations Thread 46"        [_thread_blocked, id=41980, stack(0x000000eb0bf00000,0x000000eb0c000000) (1024K)]
  0x000002c8dd3128f0 JavaThread "Unconstrained build operations Thread 47"        [_thread_blocked, id=54040, stack(0x000000eb0c000000,0x000000eb0c100000) (1024K)]
  0x000002c8dd315050 JavaThread "Unconstrained build operations Thread 48"        [_thread_blocked, id=8176, stack(0x000000eb0c100000,0x000000eb0c200000) (1024K)]
  0x000002c8dd314330 JavaThread "Unconstrained build operations Thread 49"        [_thread_blocked, id=19664, stack(0x000000eb0c200000,0x000000eb0c300000) (1024K)]
  0x000002c8dd313610 JavaThread "Unconstrained build operations Thread 50"        [_thread_blocked, id=33124, stack(0x000000eb0c300000,0x000000eb0c400000) (1024K)]
  0x000002c8dd3156e0 JavaThread "Unconstrained build operations Thread 51"        [_thread_blocked, id=53200, stack(0x000000eb0c400000,0x000000eb0c500000) (1024K)]
  0x000002c8dd312f80 JavaThread "Unconstrained build operations Thread 52"        [_thread_blocked, id=27492, stack(0x000000eb0c500000,0x000000eb0c600000) (1024K)]
  0x000002c8dd3149c0 JavaThread "Unconstrained build operations Thread 53"        [_thread_blocked, id=50952, stack(0x000000eb0c600000,0x000000eb0c700000) (1024K)]
  0x000002c8dd312260 JavaThread "Unconstrained build operations Thread 54"        [_thread_blocked, id=21904, stack(0x000000eb0c700000,0x000000eb0c800000) (1024K)]
  0x000002c8fb3c8830 JavaThread "Unconstrained build operations Thread 55"        [_thread_blocked, id=53888, stack(0x000000eb0c800000,0x000000eb0c900000) (1024K)]
  0x000002c8fb3c7b10 JavaThread "Unconstrained build operations Thread 56"        [_thread_blocked, id=39916, stack(0x000000eb0c900000,0x000000eb0ca00000) (1024K)]
  0x000002c8fb3c81a0 JavaThread "Unconstrained build operations Thread 57"        [_thread_blocked, id=7664, stack(0x000000eb0ca00000,0x000000eb0cb00000) (1024K)]
  0x000002c8fb3c8ec0 JavaThread "Unconstrained build operations Thread 58"        [_thread_blocked, id=22440, stack(0x000000eb0cb00000,0x000000eb0cc00000) (1024K)]
  0x000002c8fb3c9550 JavaThread "Unconstrained build operations Thread 59"        [_thread_blocked, id=12348, stack(0x000000eb0cc00000,0x000000eb0cd00000) (1024K)]
  0x000002c8fb3c9be0 JavaThread "Unconstrained build operations Thread 60"        [_thread_blocked, id=43980, stack(0x000000eb0cd00000,0x000000eb0ce00000) (1024K)]
  0x000002c8e3ffd7d0 JavaThread "Unconstrained build operations Thread 61"        [_thread_blocked, id=20060, stack(0x000000eb0ce00000,0x000000eb0cf00000) (1024K)]
  0x000002c8e333a780 JavaThread "WorkerExecutor Queue Thread 2"        [_thread_blocked, id=44500, stack(0x000000eb0cf00000,0x000000eb0d000000) (1024K)]
  0x000002c8e443d630 JavaThread "Unconstrained build operations Thread 62"        [_thread_blocked, id=41328, stack(0x000000eb0d000000,0x000000eb0d100000) (1024K)]
  0x000002c8d783edf0 JavaThread "Unconstrained build operations Thread 63"        [_thread_blocked, id=26340, stack(0x000000eb0d100000,0x000000eb0d200000) (1024K)]
  0x000002c8d783b970 JavaThread "Unconstrained build operations Thread 64"        [_thread_blocked, id=31932, stack(0x000000eb0d200000,0x000000eb0d300000) (1024K)]
  0x000002c8d783e760 JavaThread "Unconstrained build operations Thread 65"        [_thread_blocked, id=24468, stack(0x000000eb0d300000,0x000000eb0d400000) (1024K)]
  0x000002c8d783c000 JavaThread "Unconstrained build operations Thread 66"        [_thread_blocked, id=45004, stack(0x000000eb0d400000,0x000000eb0d500000) (1024K)]
  0x000002c8d783c690 JavaThread "Unconstrained build operations Thread 67"        [_thread_blocked, id=52992, stack(0x000000eb0d500000,0x000000eb0d600000) (1024K)]
  0x000002c8d783e0d0 JavaThread "Unconstrained build operations Thread 68"        [_thread_blocked, id=35632, stack(0x000000eb0d600000,0x000000eb0d700000) (1024K)]
  0x000002c8d783cd20 JavaThread "Unconstrained build operations Thread 69"        [_thread_blocked, id=48924, stack(0x000000eb0d700000,0x000000eb0d800000) (1024K)]
  0x000002c8e235e320 JavaThread "Unconstrained build operations Thread 70"        [_thread_blocked, id=53236, stack(0x000000eb0d800000,0x000000eb0d900000) (1024K)]
  0x000002c8e235f6d0 JavaThread "Unconstrained build operations Thread 71"        [_thread_blocked, id=52740, stack(0x000000eb0d900000,0x000000eb0da00000) (1024K)]
  0x000002c8e235c8e0 JavaThread "Unconstrained build operations Thread 72"        [_thread_blocked, id=52752, stack(0x000000eb0da00000,0x000000eb0db00000) (1024K)]
  0x000002c8e235cf70 JavaThread "Unconstrained build operations Thread 73"        [_thread_blocked, id=30088, stack(0x000000eb0db00000,0x000000eb0dc00000) (1024K)]
  0x000002c8e235dc90 JavaThread "Unconstrained build operations Thread 74"        [_thread_blocked, id=40040, stack(0x000000eb0dc00000,0x000000eb0dd00000) (1024K)]
  0x000002c8e3804180 JavaThread "Unconstrained build operations Thread 75"        [_thread_blocked, id=44732, stack(0x000000eb0dd00000,0x000000eb0de00000) (1024K)]
  0x000002c8e3804810 JavaThread "Unconstrained build operations Thread 76"        [_thread_blocked, id=45336, stack(0x000000eb0de00000,0x000000eb0df00000) (1024K)]
  0x000002c8fb4a56a0 JavaThread "pool-60-thread-1"                  [_thread_blocked, id=49572, stack(0x000000eb0df00000,0x000000eb0e000000) (1024K)]
  0x000002c8fb4a5010 JavaThread "stderr"                            [_thread_in_native, id=47604, stack(0x000000eb0e000000,0x000000eb0e100000) (1024K)]
  0x000002c8fb4a1b90 JavaThread "stdout"                            [_thread_in_native, id=53884, stack(0x000000eb0e100000,0x000000eb0e200000) (1024K)]
  0x000002c8d6447de0 JavaThread "Unconstrained build operations Thread 77"        [_thread_blocked, id=52984, stack(0x000000eb0bd00000,0x000000eb0be00000) (1024K)]
  0x000002c8d6449190 JavaThread "Unconstrained build operations Thread 78"        [_thread_blocked, id=24856, stack(0x000000eb0e200000,0x000000eb0e300000) (1024K)]
  0x000002c8d6449820 JavaThread "Unconstrained build operations Thread 79"        [_thread_blocked, id=33112, stack(0x000000eb0e300000,0x000000eb0e400000) (1024K)]
  0x000002c8d644abd0 JavaThread "Unconstrained build operations Thread 80"        [_thread_blocked, id=50468, stack(0x000000eb0e400000,0x000000eb0e500000) (1024K)]
  0x000002c8d644b260 JavaThread "Unconstrained build operations Thread 81"        [_thread_blocked, id=42228, stack(0x000000eb0e500000,0x000000eb0e600000) (1024K)]
  0x000002c8e2e631c0 JavaThread "Unconstrained build operations Thread 82"        [_thread_blocked, id=49848, stack(0x000000eb0e600000,0x000000eb0e700000) (1024K)]
  0x000002c8e2e63850 JavaThread "Unconstrained build operations Thread 83"        [_thread_blocked, id=31456, stack(0x000000eb0e800000,0x000000eb0e900000) (1024K)]
  0x000002c8e2e63ee0 JavaThread "Unconstrained build operations Thread 84"        [_thread_blocked, id=46208, stack(0x000000eb0e900000,0x000000eb0ea00000) (1024K)]
  0x000002c8e2e64570 JavaThread "Unconstrained build operations Thread 85"        [_thread_blocked, id=41800, stack(0x000000eb0eb00000,0x000000eb0ec00000) (1024K)]
  0x000002c8e2e64c00 JavaThread "Unconstrained build operations Thread 86"        [_thread_blocked, id=50544, stack(0x000000eb0ec00000,0x000000eb0ed00000) (1024K)]
  0x000002c8d8c0dda0 JavaThread "Unconstrained build operations Thread 87"        [_thread_blocked, id=53948, stack(0x000000eb0ed00000,0x000000eb0ee00000) (1024K)]
  0x000002c8d8c0d710 JavaThread "Unconstrained build operations Thread 88"        [_thread_blocked, id=48860, stack(0x000000eb06d00000,0x000000eb06e00000) (1024K)]
  0x000002c8d8c0e430 JavaThread "Unconstrained build operations Thread 89"        [_thread_blocked, id=54956, stack(0x000000eb0bc00000,0x000000eb0bd00000) (1024K)]
  0x000002c8d8c0eac0 JavaThread "Unconstrained build operations Thread 90"        [_thread_blocked, id=22004, stack(0x000000eb0ee00000,0x000000eb0ef00000) (1024K)]
  0x000002c8e2e10150 JavaThread "Unconstrained build operations Thread 91"        [_thread_blocked, id=40648, stack(0x000000eb0ef00000,0x000000eb0f000000) (1024K)]
  0x000002c8e2e0eda0 JavaThread "Unconstrained build operations Thread 92"        [_thread_blocked, id=50300, stack(0x000000eb0f000000,0x000000eb0f100000) (1024K)]
  0x000002c8e2e12220 JavaThread "Unconstrained build operations Thread 93"        [_thread_blocked, id=48588, stack(0x000000eb0f100000,0x000000eb0f200000) (1024K)]
  0x000002c8e2e0f430 JavaThread "Unconstrained build operations Thread 94"        [_thread_blocked, id=34612, stack(0x000000eb0f200000,0x000000eb0f300000) (1024K)]
  0x000002c8e2e107e0 JavaThread "Unconstrained build operations Thread 95"        [_thread_blocked, id=46256, stack(0x000000eb0f300000,0x000000eb0f400000) (1024K)]
  0x000002c8e2e10e70 JavaThread "Unconstrained build operations Thread 96"        [_thread_blocked, id=48296, stack(0x000000eb0f400000,0x000000eb0f500000) (1024K)]
  0x000002c8e2e11500 JavaThread "Unconstrained build operations Thread 97"        [_thread_blocked, id=42852, stack(0x000000eb0f500000,0x000000eb0f600000) (1024K)]
  0x000002c8e857cb60 JavaThread "Unconstrained build operations Thread 98"        [_thread_blocked, id=49688, stack(0x000000eb0f600000,0x000000eb0f700000) (1024K)]
  0x000002c8e857d1f0 JavaThread "Unconstrained build operations Thread 99"        [_thread_blocked, id=16360, stack(0x000000eb0f700000,0x000000eb0f800000) (1024K)]
  0x000002c8d61aeb80 JavaThread "Unconstrained build operations Thread 100"        [_thread_blocked, id=46068, stack(0x000000eb0f800000,0x000000eb0f900000) (1024K)]
  0x000002c8d61af210 JavaThread "Unconstrained build operations Thread 101"        [_thread_blocked, id=35904, stack(0x000000eb0f900000,0x000000eb0fa00000) (1024K)]
  0x000002c8d61af8a0 JavaThread "Unconstrained build operations Thread 102"        [_thread_blocked, id=49740, stack(0x000000eb0fa00000,0x000000eb0fb00000) (1024K)]
  0x000002c8e7c16c40 JavaThread "WorkerExecutor Queue Thread 3"        [_thread_blocked, id=29168, stack(0x000000eb06900000,0x000000eb06a00000) (1024K)]
  0x000002c8e7c15890 JavaThread "Unconstrained build operations Thread 103"        [_thread_blocked, id=39084, stack(0x000000eb06500000,0x000000eb06600000) (1024K)]
  0x000002c8e7c15f20 JavaThread "WorkerExecutor Queue Thread 4"        [_thread_blocked, id=36252, stack(0x000000eb06b00000,0x000000eb06c00000) (1024K)]
  0x000002c8e7c15200 JavaThread "RMI TCP Connection(82)-127.0.0.1" daemon [_thread_in_native, id=39384, stack(0x000000eb0fc00000,0x000000eb0fd00000) (1024K)]
  0x000002c8e7c172d0 JavaThread "RMI TCP Connection(84)-127.0.0.1" daemon [_thread_in_native, id=53636, stack(0x000000eb0fd00000,0x000000eb0fe00000) (1024K)]
  0x000002c8fcbe98d0 JavaThread "Build operations"                  [_thread_blocked, id=50408, stack(0x000000eb0fe00000,0x000000eb0ff00000) (1024K)]
  0x000002c8fcbe9f60 JavaThread "Build operations Thread 2"         [_thread_blocked, id=24356, stack(0x000000eb0ff00000,0x000000eb10000000) (1024K)]
  0x000002c8e82dbaf0 JavaThread "Build operations Thread 3"         [_thread_blocked, id=47708, stack(0x000000eb10000000,0x000000eb10100000) (1024K)]
  0x000002c8e82e23f0 JavaThread "Build operations Thread 4"         [_thread_blocked, id=51352, stack(0x000000eb10100000,0x000000eb10200000) (1024K)]
  0x000002c8e82d4b60 JavaThread "Build operations Thread 5"         [_thread_blocked, id=30124, stack(0x000000eb10200000,0x000000eb10300000) (1024K)]
  0x000002c8e82ddbc0 JavaThread "Build operations Thread 6"         [_thread_blocked, id=30040, stack(0x000000eb10300000,0x000000eb10400000) (1024K)]
  0x000002c8e82dc810 JavaThread "Build operations Thread 7"         [_thread_blocked, id=23288, stack(0x000000eb10400000,0x000000eb10500000) (1024K)]
  0x000002c8e82dcea0 JavaThread "Build operations Thread 8"         [_thread_blocked, id=13432, stack(0x000000eb10500000,0x000000eb10600000) (1024K)]
  0x000002c8e82e16d0 JavaThread "Build operations Thread 9"         [_thread_blocked, id=31188, stack(0x000000eb10600000,0x000000eb10700000) (1024K)]
  0x000002c8e82e1040 JavaThread "Build operations Thread 10"        [_thread_blocked, id=51204, stack(0x000000eb10700000,0x000000eb10800000) (1024K)]
  0x000002c8e82e0320 JavaThread "Build operations Thread 11"        [_thread_blocked, id=52888, stack(0x000000eb10b00000,0x000000eb10c00000) (1024K)]
  0x000002c8e82dd530 JavaThread "Build operations Thread 12"        [_thread_blocked, id=54160, stack(0x000000eb10c00000,0x000000eb10d00000) (1024K)]
  0x000002c8e82dc180 JavaThread "Build operations Thread 13"        [_thread_blocked, id=49412, stack(0x000000eb10e00000,0x000000eb10f00000) (1024K)]
  0x000002c8e82e1d60 JavaThread "Build operations Thread 14"        [_thread_blocked, id=31332, stack(0x000000eb10f00000,0x000000eb11000000) (1024K)]
  0x000002c8e82e2a80 JavaThread "Build operations Thread 15"        [_thread_blocked, id=4268, stack(0x000000eb11300000,0x000000eb11400000) (1024K)]
  0x000002c8fb3ca270 JavaThread "WorkerExecutor Queue Thread 5"        [_thread_blocked, id=52848, stack(0x000000eb11500000,0x000000eb11600000) (1024K)]
  0x000002c8fb3ca900 JavaThread "WorkerExecutor Queue Thread 6"        [_thread_blocked, id=52096, stack(0x000000eb11700000,0x000000eb11800000) (1024K)]
  0x000002c8fb3c7480 JavaThread "WorkerExecutor Queue Thread 7"        [_thread_blocked, id=53960, stack(0x000000eb11800000,0x000000eb11900000) (1024K)]
  0x000002c8d9437cf0 JavaThread "WorkerExecutor Queue Thread 8"        [_thread_blocked, id=31436, stack(0x000000eb11900000,0x000000eb11a00000) (1024K)]
  0x000002c8d9438380 JavaThread "WorkerExecutor Queue Thread 9"        [_thread_blocked, id=38568, stack(0x000000eb11a00000,0x000000eb11b00000) (1024K)]
  0x000002c8d9439730 JavaThread "WorkerExecutor Queue Thread 10"        [_thread_blocked, id=5088, stack(0x000000eb11b00000,0x000000eb11c00000) (1024K)]
  0x000002c8d9439dc0 JavaThread "WorkerExecutor Queue Thread 11"        [_thread_blocked, id=53180, stack(0x000000eb11c00000,0x000000eb11d00000) (1024K)]
  0x000002c8d943aae0 JavaThread "WorkerExecutor Queue Thread 12"        [_thread_blocked, id=33140, stack(0x000000eb11d00000,0x000000eb11e00000) (1024K)]
  0x000002c8d9437660 JavaThread "WorkerExecutor Queue Thread 13"        [_thread_blocked, id=47512, stack(0x000000eb11e00000,0x000000eb11f00000) (1024K)]
  0x000002c8d943a450 JavaThread "WorkerExecutor Queue Thread 14"        [_thread_blocked, id=52132, stack(0x000000eb11f00000,0x000000eb12000000) (1024K)]
  0x000002c8d9438a10 JavaThread "WorkerExecutor Queue Thread 15"        [_thread_blocked, id=48152, stack(0x000000eb12000000,0x000000eb12100000) (1024K)]
  0x000002c8d94390a0 JavaThread "WorkerExecutor Queue Thread 16"        [_thread_blocked, id=48712, stack(0x000000eb12200000,0x000000eb12300000) (1024K)]
  0x000002c8d8a1ca20 JavaThread "C2 CompilerThread1"         daemon [_thread_in_native, id=30324, stack(0x000000eb06a00000,0x000000eb06b00000) (1024K)]
  0x000002c8d8a1aee0 JavaThread "C2 CompilerThread2"         daemon [_thread_blocked, id=51464, stack(0x000000eb0fb00000,0x000000eb0fc00000) (1024K)]
  0x000002c8d8a1b5b0 JavaThread "C2 CompilerThread3"         daemon [_thread_in_native, id=45740, stack(0x000000eb12300000,0x000000eb12400000) (1024K)]
  0x000002c8d8a1c350 JavaThread "C2 CompilerThread4"         daemon [_thread_blocked, id=48960, stack(0x000000eb12400000,0x000000eb12500000) (1024K)]
  0x000002c8dbfd9e70 JavaThread "C2 CompilerThread5"         daemon [_thread_blocked, id=33204, stack(0x000000eb12500000,0x000000eb12600000) (1024K)]
  0x000002c8dbfdb2e0 JavaThread "C2 CompilerThread6"         daemon [_thread_blocked, id=51300, stack(0x000000eb12600000,0x000000eb12700000) (1024K)]
  0x000002c8dbfdb9b0 JavaThread "C2 CompilerThread7"         daemon [_thread_in_native, id=50708, stack(0x000000eb12800000,0x000000eb12900000) (1024K)]
  0x000002c8dbfdc750 JavaThread "C1 CompilerThread1"         daemon [_thread_blocked, id=45428, stack(0x000000eb12900000,0x000000eb12a00000) (1024K)]
  0x000002c8dbfdce20 JavaThread "C1 CompilerThread2"         daemon [_thread_blocked, id=18528, stack(0x000000eb12a00000,0x000000eb12b00000) (1024K)]
  0x000002c8daa6a340 JavaThread "C1 CompilerThread3"         daemon [_thread_blocked, id=33056, stack(0x000000eb12b00000,0x000000eb12c00000) (1024K)]
  0x000002c8e20c6990 JavaThread "ForkJoinPool.commonPool-worker-78" daemon [_thread_blocked, id=40388, stack(0x000000eb12c00000,0x000000eb12d00000) (1024K)]
Total: 235

Other Threads:
  0x000002c8fb215060 VMThread "VM Thread"                           [id=48400, stack(0x000000eb03800000,0x000000eb03900000) (1024K)]
  0x000002c8fb3001d0 WatcherThread "VM Periodic Task Thread"        [id=31404, stack(0x000000eb03700000,0x000000eb03800000) (1024K)]
  0x000002c8eccdcd20 WorkerThread "GC Thread#0"                     [id=45536, stack(0x000000eb03200000,0x000000eb03300000) (1024K)]
  0x000002c8d45f2780 WorkerThread "GC Thread#1"                     [id=12748, stack(0x000000eb04800000,0x000000eb04900000) (1024K)]
  0x000002c8d4336f00 WorkerThread "GC Thread#2"                     [id=54704, stack(0x000000eb04900000,0x000000eb04a00000) (1024K)]
  0x000002c8d4bf6f60 WorkerThread "GC Thread#3"                     [id=21148, stack(0x000000eb04a00000,0x000000eb04b00000) (1024K)]
  0x000002c8d4bf7310 WorkerThread "GC Thread#4"                     [id=49632, stack(0x000000eb04b00000,0x000000eb04c00000) (1024K)]
  0x000002c8d4c55f70 WorkerThread "GC Thread#5"                     [id=52972, stack(0x000000eb04c00000,0x000000eb04d00000) (1024K)]
  0x000002c8d67e6250 WorkerThread "GC Thread#6"                     [id=14760, stack(0x000000eb05b00000,0x000000eb05c00000) (1024K)]
  0x000002c8d67e8e90 WorkerThread "GC Thread#7"                     [id=28196, stack(0x000000eb05c00000,0x000000eb05d00000) (1024K)]
  0x000002c8d67e5ea0 WorkerThread "GC Thread#8"                     [id=12856, stack(0x000000eb05d00000,0x000000eb05e00000) (1024K)]
  0x000002c8d67e7fd0 WorkerThread "GC Thread#9"                     [id=18716, stack(0x000000eb05e00000,0x000000eb05f00000) (1024K)]
  0x000002c8d67e6600 WorkerThread "GC Thread#10"                    [id=50452, stack(0x000000eb05f00000,0x000000eb06000000) (1024K)]
  0x000002c8d67e8380 WorkerThread "GC Thread#11"                    [id=6700, stack(0x000000eb06000000,0x000000eb06100000) (1024K)]
  0x000002c8d67e69b0 WorkerThread "GC Thread#12"                    [id=14048, stack(0x000000eb06100000,0x000000eb06200000) (1024K)]
  0x000002c8eccedc20 ConcurrentGCThread "G1 Main Marker"            [id=37668, stack(0x000000eb03300000,0x000000eb03400000) (1024K)]
  0x000002c8eccee7f0 WorkerThread "G1 Conc#0"                       [id=46352, stack(0x000000eb03400000,0x000000eb03500000) (1024K)]
  0x000002c8d67e6d60 WorkerThread "G1 Conc#1"                       [id=29976, stack(0x000000eb06200000,0x000000eb06300000) (1024K)]
  0x000002c8d67e74c0 WorkerThread "G1 Conc#2"                       [id=49664, stack(0x000000eb06300000,0x000000eb06400000) (1024K)]
  0x000002c8fb15f710 ConcurrentGCThread "G1 Refine#0"               [id=29068, stack(0x000000eb03500000,0x000000eb03600000) (1024K)]
  0x000002c8fb15fb50 ConcurrentGCThread "G1 Service"                [id=41420, stack(0x000000eb03600000,0x000000eb03700000) (1024K)]
Total: 21

Threads with active compile tasks:
C2 CompilerThread0  6929570 54474 % !   4       com.android.tools.r8.dex.C::k @ 99 (2698 bytes)
C2 CompilerThread1  6929570 54511       4       com.android.tools.r8.internal.Jm::a (3284 bytes)
C2 CompilerThread3  6929570 54650       4       com.android.tools.r8.dex.C::a (836 bytes)
C2 CompilerThread7  6929570 54525 %     4       com.android.tools.r8.dex.C::a @ 292 (997 bytes)
Total: 4

VM state: not at safepoint (normal execution)

VM Mutex/Monitor currently owned by a thread: None

Heap address: 0x0000000080000000, size: 2048 MB, Compressed Oops mode: 32-bit

CDS archive(s) mapped at: [0x000002c88f000000-0x000002c88fc90000-0x000002c88fc90000), size 13172736, SharedBaseAddress: 0x000002c88f000000, ArchiveRelocationMode: 1.
Compressed class space mapped at: 0x000002c890000000-0x000002c8d0000000, reserved size: 1073741824
Narrow klass base: 0x000002c88f000000, Narrow klass shift: 0, Narrow klass range: 0x100000000

GC Precious Log:
 CardTable entry size: 512
 Card Set container configuration: InlinePtr #cards 5 size 8 Array Of Cards #cards 12 size 40 Howl #buckets 4 coarsen threshold 1843 Howl Bitmap #cards 512 size 80 coarsen threshold 460 Card regions per heap region 1 cards per card region 2048
 CPUs: 16 total, 16 available
 Memory: 16253M
 Large Page Support: Disabled
 NUMA Support: Disabled
 Compressed Oops: Enabled (32-bit)
 Heap Region Size: 1M
 Heap Min Capacity: 8M
 Heap Initial Capacity: 254M
 Heap Max Capacity: 2G
 Pre-touch: Disabled
 Parallel Workers: 13
 Concurrent Workers: 3
 Concurrent Refinement Workers: 13
 Periodic GC: Disabled

Heap:
 garbage-first heap   total 1062912K, used 356671K [0x0000000080000000, 0x0000000100000000)
  region size 1024K, 35 young (35840K), 29 survivors (29696K)
 Metaspace       used 148571K, committed 151808K, reserved 1179648K
  class space    used 20276K, committed 22080K, reserved 1048576K

Heap Regions: E=young(eden), S=young(survivor), O=old, HS=humongous(starts), HC=humongous(continues), CS=collection set, F=free, TAMS=top-at-mark-start, PB=parsable bottom
|   0|0x0000000080000000, 0x0000000080100000, 0x0000000080100000|100%|HS|  |TAMS 0x0000000080100000| PB 0x0000000080000000| Complete 
|   1|0x0000000080100000, 0x0000000080200000, 0x0000000080200000|100%|HC|  |TAMS 0x0000000080200000| PB 0x0000000080100000| Complete 
|   2|0x0000000080200000, 0x0000000080300000, 0x0000000080300000|100%|HC|  |TAMS 0x0000000080300000| PB 0x0000000080200000| Complete 
|   3|0x0000000080300000, 0x0000000080400000, 0x0000000080400000|100%|HC|  |TAMS 0x0000000080400000| PB 0x0000000080300000| Complete 
|   4|0x0000000080400000, 0x0000000080500000, 0x0000000080500000|100%| O|  |TAMS 0x0000000080500000| PB 0x0000000080400000| Untracked 
|   5|0x0000000080500000, 0x0000000080600000, 0x0000000080600000|100%| O|  |TAMS 0x0000000080600000| PB 0x0000000080500000| Untracked 
|   6|0x0000000080600000, 0x0000000080700000, 0x0000000080700000|100%| O|  |TAMS 0x0000000080700000| PB 0x0000000080600000| Updating 
|   7|0x0000000080700000, 0x0000000080800000, 0x0000000080800000|100%| O|  |TAMS 0x0000000080800000| PB 0x0000000080700000| Untracked 
|   8|0x0000000080800000, 0x0000000080900000, 0x0000000080900000|100%| O|  |TAMS 0x0000000080900000| PB 0x0000000080800000| Untracked 
|   9|0x0000000080900000, 0x0000000080a00000, 0x0000000080a00000|100%| O|  |TAMS 0x0000000080a00000| PB 0x0000000080900000| Untracked 
|  10|0x0000000080a00000, 0x0000000080b00000, 0x0000000080b00000|100%| O|  |TAMS 0x0000000080b00000| PB 0x0000000080a00000| Updating 
|  11|0x0000000080b00000, 0x0000000080c00000, 0x0000000080c00000|100%|HS|  |TAMS 0x0000000080c00000| PB 0x0000000080b00000| Complete 
|  12|0x0000000080c00000, 0x0000000080d00000, 0x0000000080d00000|100%| O|  |TAMS 0x0000000080d00000| PB 0x0000000080c00000| Updating 
|  13|0x0000000080d00000, 0x0000000080e00000, 0x0000000080e00000|100%| O|  |TAMS 0x0000000080e00000| PB 0x0000000080d00000| Updating 
|  14|0x0000000080e00000, 0x0000000080f00000, 0x0000000080f00000|100%| O|  |TAMS 0x0000000080f00000| PB 0x0000000080e00000| Updating 
|  15|0x0000000080f00000, 0x0000000081000000, 0x0000000081000000|100%| O|  |TAMS 0x0000000081000000| PB 0x0000000080f00000| Updating 
|  16|0x0000000081000000, 0x0000000081100000, 0x0000000081100000|100%| O|  |TAMS 0x0000000081100000| PB 0x0000000081000000| Updating 
|  17|0x0000000081100000, 0x0000000081200000, 0x0000000081200000|100%| O|  |TAMS 0x0000000081200000| PB 0x0000000081100000| Updating 
|  18|0x0000000081200000, 0x0000000081300000, 0x0000000081300000|100%| O|  |TAMS 0x0000000081300000| PB 0x0000000081200000| Updating 
|  19|0x0000000081300000, 0x0000000081400000, 0x0000000081400000|100%| O|  |TAMS 0x0000000081400000| PB 0x0000000081300000| Updating 
|  20|0x0000000081400000, 0x0000000081500000, 0x0000000081500000|100%| O|  |TAMS 0x0000000081500000| PB 0x0000000081400000| Untracked 
|  21|0x0000000081500000, 0x0000000081600000, 0x0000000081600000|100%| O|  |TAMS 0x0000000081600000| PB 0x0000000081500000| Updating 
|  22|0x0000000081600000, 0x0000000081700000, 0x0000000081700000|100%| O|  |TAMS 0x0000000081700000| PB 0x0000000081600000| Updating 
|  23|0x0000000081700000, 0x0000000081800000, 0x0000000081800000|100%| O|  |TAMS 0x0000000081800000| PB 0x0000000081700000| Updating 
|  24|0x0000000081800000, 0x0000000081900000, 0x0000000081900000|100%|HS|  |TAMS 0x0000000081900000| PB 0x0000000081800000| Complete 
|  25|0x0000000081900000, 0x0000000081a00000, 0x0000000081a00000|100%|HS|  |TAMS 0x0000000081a00000| PB 0x0000000081900000| Complete 
|  26|0x0000000081a00000, 0x0000000081b00000, 0x0000000081b00000|100%|HS|  |TAMS 0x0000000081b00000| PB 0x0000000081a00000| Complete 
|  27|0x0000000081b00000, 0x0000000081c00000, 0x0000000081c00000|100%|HC|  |TAMS 0x0000000081c00000| PB 0x0000000081b00000| Complete 
|  28|0x0000000081c00000, 0x0000000081d00000, 0x0000000081d00000|100%|HS|  |TAMS 0x0000000081d00000| PB 0x0000000081c00000| Complete 
|  29|0x0000000081d00000, 0x0000000081e00000, 0x0000000081e00000|100%|HC|  |TAMS 0x0000000081e00000| PB 0x0000000081d00000| Complete 
|  30|0x0000000081e00000, 0x0000000081f00000, 0x0000000081f00000|100%| O|  |TAMS 0x0000000081f00000| PB 0x0000000081e00000| Updating 
|  31|0x0000000081f00000, 0x0000000082000000, 0x0000000082000000|100%|HS|  |TAMS 0x0000000082000000| PB 0x0000000081f00000| Complete 
|  32|0x0000000082000000, 0x0000000082100000, 0x0000000082100000|100%| O|  |TAMS 0x0000000082100000| PB 0x0000000082000000| Updating 
|  33|0x0000000082100000, 0x0000000082200000, 0x0000000082200000|100%| O|  |TAMS 0x0000000082200000| PB 0x0000000082100000| Updating 
|  34|0x0000000082200000, 0x0000000082300000, 0x0000000082300000|100%|HS|  |TAMS 0x0000000082200000| PB 0x0000000082200000| Complete 
|  35|0x0000000082300000, 0x0000000082400000, 0x0000000082400000|100%| O|  |TAMS 0x0000000082400000| PB 0x0000000082300000| Updating 
|  36|0x0000000082400000, 0x0000000082500000, 0x0000000082500000|100%| O|  |TAMS 0x0000000082500000| PB 0x0000000082400000| Updating 
|  37|0x0000000082500000, 0x0000000082600000, 0x0000000082600000|100%|HS|  |TAMS 0x0000000082600000| PB 0x0000000082500000| Complete 
|  38|0x0000000082600000, 0x0000000082700000, 0x0000000082700000|100%|HC|  |TAMS 0x0000000082700000| PB 0x0000000082600000| Complete 
|  39|0x0000000082700000, 0x0000000082800000, 0x0000000082800000|100%|HC|  |TAMS 0x0000000082800000| PB 0x0000000082700000| Complete 
|  40|0x0000000082800000, 0x0000000082900000, 0x0000000082900000|100%|HS|  |TAMS 0x0000000082900000| PB 0x0000000082800000| Complete 
|  41|0x0000000082900000, 0x0000000082a00000, 0x0000000082a00000|100%| O|  |TAMS 0x0000000082a00000| PB 0x0000000082900000| Updating 
|  42|0x0000000082a00000, 0x0000000082b00000, 0x0000000082b00000|100%| O|  |TAMS 0x0000000082b00000| PB 0x0000000082a00000| Updating 
|  43|0x0000000082b00000, 0x0000000082c00000, 0x0000000082c00000|100%| O|  |TAMS 0x0000000082c00000| PB 0x0000000082b00000| Untracked 
|  44|0x0000000082c00000, 0x0000000082d00000, 0x0000000082d00000|100%| O|  |TAMS 0x0000000082d00000| PB 0x0000000082c00000| Untracked 
|  45|0x0000000082d00000, 0x0000000082e00000, 0x0000000082e00000|100%| O|  |TAMS 0x0000000082e00000| PB 0x0000000082d00000| Updating 
|  46|0x0000000082e00000, 0x0000000082f00000, 0x0000000082f00000|100%| O|  |TAMS 0x0000000082f00000| PB 0x0000000082e00000| Untracked 
|  47|0x0000000082f00000, 0x0000000083000000, 0x0000000083000000|100%| O|  |TAMS 0x0000000083000000| PB 0x0000000082f00000| Updating 
|  48|0x0000000083000000, 0x0000000083100000, 0x0000000083100000|100%| O|  |TAMS 0x0000000083100000| PB 0x0000000083000000| Updating 
|  49|0x0000000083100000, 0x0000000083200000, 0x0000000083200000|100%| O|  |TAMS 0x0000000083200000| PB 0x0000000083100000| Updating 
|  50|0x0000000083200000, 0x0000000083300000, 0x0000000083300000|100%|HS|  |TAMS 0x0000000083300000| PB 0x0000000083200000| Complete 
|  51|0x0000000083300000, 0x0000000083400000, 0x0000000083400000|100%|HS|  |TAMS 0x0000000083400000| PB 0x0000000083300000| Complete 
|  52|0x0000000083400000, 0x0000000083500000, 0x0000000083500000|100%| O|  |TAMS 0x0000000083500000| PB 0x0000000083400000| Updating 
|  53|0x0000000083500000, 0x0000000083600000, 0x0000000083600000|100%| O|  |TAMS 0x0000000083600000| PB 0x0000000083500000| Updating 
|  54|0x0000000083600000, 0x0000000083700000, 0x0000000083700000|100%|HS|  |TAMS 0x0000000083700000| PB 0x0000000083600000| Complete 
|  55|0x0000000083700000, 0x0000000083800000, 0x0000000083800000|100%| O|  |TAMS 0x0000000083800000| PB 0x0000000083700000| Untracked 
|  56|0x0000000083800000, 0x0000000083900000, 0x0000000083900000|100%| O|  |TAMS 0x0000000083900000| PB 0x0000000083800000| Untracked 
|  57|0x0000000083900000, 0x0000000083a00000, 0x0000000083a00000|100%| O|  |TAMS 0x0000000083a00000| PB 0x0000000083900000| Untracked 
|  58|0x0000000083a00000, 0x0000000083b00000, 0x0000000083b00000|100%|HS|  |TAMS 0x0000000083a00000| PB 0x0000000083a00000| Complete 
|  59|0x0000000083b00000, 0x0000000083c00000, 0x0000000083c00000|100%|HS|  |TAMS 0x0000000083c00000| PB 0x0000000083b00000| Complete 
|  60|0x0000000083c00000, 0x0000000083d00000, 0x0000000083d00000|100%|HC|  |TAMS 0x0000000083d00000| PB 0x0000000083c00000| Complete 
|  61|0x0000000083d00000, 0x0000000083e00000, 0x0000000083e00000|100%|HC|  |TAMS 0x0000000083e00000| PB 0x0000000083d00000| Complete 
|  62|0x0000000083e00000, 0x0000000083f00000, 0x0000000083f00000|100%| O|  |TAMS 0x0000000083f00000| PB 0x0000000083e00000| Updating 
|  63|0x0000000083f00000, 0x0000000084000000, 0x0000000084000000|100%| O|  |TAMS 0x0000000084000000| PB 0x0000000083f00000| Updating 
|  64|0x0000000084000000, 0x0000000084100000, 0x0000000084100000|100%| O|  |TAMS 0x0000000084100000| PB 0x0000000084000000| Updating 
|  65|0x0000000084100000, 0x0000000084200000, 0x0000000084200000|100%| O|  |TAMS 0x0000000084200000| PB 0x0000000084100000| Untracked 
|  66|0x0000000084200000, 0x0000000084300000, 0x0000000084300000|100%| O|  |TAMS 0x0000000084300000| PB 0x0000000084200000| Updating 
|  67|0x0000000084300000, 0x0000000084400000, 0x0000000084400000|100%| O|  |TAMS 0x0000000084400000| PB 0x0000000084300000| Updating 
|  68|0x0000000084400000, 0x0000000084500000, 0x0000000084500000|100%| O|  |TAMS 0x0000000084500000| PB 0x0000000084400000| Updating 
|  69|0x0000000084500000, 0x0000000084600000, 0x0000000084600000|100%| O|  |TAMS 0x0000000084600000| PB 0x0000000084500000| Updating 
|  70|0x0000000084600000, 0x0000000084700000, 0x0000000084700000|100%| O|  |TAMS 0x0000000084700000| PB 0x0000000084600000| Updating 
|  71|0x0000000084700000, 0x0000000084800000, 0x0000000084800000|100%| O|  |TAMS 0x0000000084800000| PB 0x0000000084700000| Updating 
|  72|0x0000000084800000, 0x0000000084900000, 0x0000000084900000|100%| O|  |TAMS 0x0000000084900000| PB 0x0000000084800000| Updating 
|  73|0x0000000084900000, 0x0000000084a00000, 0x0000000084a00000|100%| O|  |TAMS 0x0000000084a00000| PB 0x0000000084900000| Updating 
|  74|0x0000000084a00000, 0x0000000084b00000, 0x0000000084b00000|100%| O|  |TAMS 0x0000000084b00000| PB 0x0000000084a00000| Updating 
|  75|0x0000000084b00000, 0x0000000084c00000, 0x0000000084c00000|100%| O|  |TAMS 0x0000000084c00000| PB 0x0000000084b00000| Untracked 
|  76|0x0000000084c00000, 0x0000000084d00000, 0x0000000084d00000|100%| O|  |TAMS 0x0000000084d00000| PB 0x0000000084c00000| Updating 
|  77|0x0000000084d00000, 0x0000000084e00000, 0x0000000084e00000|100%| O|  |TAMS 0x0000000084e00000| PB 0x0000000084d00000| Updating 
|  78|0x0000000084e00000, 0x0000000084f00000, 0x0000000084f00000|100%| O|  |TAMS 0x0000000084f00000| PB 0x0000000084e00000| Updating 
|  79|0x0000000084f00000, 0x0000000085000000, 0x0000000085000000|100%| O|  |TAMS 0x0000000085000000| PB 0x0000000084f00000| Updating 
|  80|0x0000000085000000, 0x0000000085100000, 0x0000000085100000|100%| O|  |TAMS 0x0000000085100000| PB 0x0000000085000000| Updating 
|  81|0x0000000085100000, 0x0000000085200000, 0x0000000085200000|100%| O|  |TAMS 0x0000000085200000| PB 0x0000000085100000| Updating 
|  82|0x0000000085200000, 0x0000000085300000, 0x0000000085300000|100%| O|  |TAMS 0x0000000085300000| PB 0x0000000085200000| Updating 
|  83|0x0000000085300000, 0x0000000085400000, 0x0000000085400000|100%|HS|  |TAMS 0x0000000085300000| PB 0x0000000085300000| Complete 
|  84|0x0000000085400000, 0x0000000085500000, 0x0000000085500000|100%| O|  |TAMS 0x0000000085500000| PB 0x0000000085400000| Untracked 
|  85|0x0000000085500000, 0x0000000085600000, 0x0000000085600000|100%| O|  |TAMS 0x0000000085600000| PB 0x0000000085500000| Updating 
|  86|0x0000000085600000, 0x0000000085700000, 0x0000000085700000|100%| O|  |TAMS 0x0000000085700000| PB 0x0000000085600000| Untracked 
|  87|0x0000000085700000, 0x0000000085800000, 0x0000000085800000|100%| O|  |TAMS 0x0000000085800000| PB 0x0000000085700000| Untracked 
|  88|0x0000000085800000, 0x0000000085900000, 0x0000000085900000|100%| O|  |TAMS 0x0000000085900000| PB 0x0000000085800000| Updating 
|  89|0x0000000085900000, 0x0000000085a00000, 0x0000000085a00000|100%| O|  |TAMS 0x0000000085a00000| PB 0x0000000085900000| Updating 
|  90|0x0000000085a00000, 0x0000000085b00000, 0x0000000085b00000|100%| O|  |TAMS 0x0000000085b00000| PB 0x0000000085a00000| Updating 
|  91|0x0000000085b00000, 0x0000000085c00000, 0x0000000085c00000|100%| O|  |TAMS 0x0000000085c00000| PB 0x0000000085b00000| Untracked 
|  92|0x0000000085c00000, 0x0000000085d00000, 0x0000000085d00000|100%| O|  |TAMS 0x0000000085d00000| PB 0x0000000085c00000| Updating 
|  93|0x0000000085d00000, 0x0000000085e00000, 0x0000000085e00000|100%| O|  |TAMS 0x0000000085e00000| PB 0x0000000085d00000| Updating 
|  94|0x0000000085e00000, 0x0000000085f00000, 0x0000000085f00000|100%| O|  |TAMS 0x0000000085f00000| PB 0x0000000085e00000| Updating 
|  95|0x0000000085f00000, 0x0000000086000000, 0x0000000086000000|100%| O|  |TAMS 0x0000000086000000| PB 0x0000000085f00000| Updating 
|  96|0x0000000086000000, 0x0000000086100000, 0x0000000086100000|100%| O|  |TAMS 0x0000000086100000| PB 0x0000000086000000| Updating 
|  97|0x0000000086100000, 0x0000000086200000, 0x0000000086200000|100%| O|  |TAMS 0x0000000086200000| PB 0x0000000086100000| Updating 
|  98|0x0000000086200000, 0x0000000086300000, 0x0000000086300000|100%| O|  |TAMS 0x0000000086300000| PB 0x0000000086200000| Updating 
|  99|0x0000000086300000, 0x0000000086400000, 0x0000000086400000|100%| O|  |TAMS 0x0000000086400000| PB 0x0000000086300000| Updating 
| 100|0x0000000086400000, 0x0000000086500000, 0x0000000086500000|100%| O|  |TAMS 0x0000000086500000| PB 0x0000000086400000| Updating 
| 101|0x0000000086500000, 0x0000000086600000, 0x0000000086600000|100%| O|  |TAMS 0x0000000086600000| PB 0x0000000086500000| Updating 
| 102|0x0000000086600000, 0x0000000086700000, 0x0000000086700000|100%| O|  |TAMS 0x0000000086700000| PB 0x0000000086600000| Untracked 
| 103|0x0000000086700000, 0x0000000086800000, 0x0000000086800000|100%| O|  |TAMS 0x0000000086800000| PB 0x0000000086700000| Untracked 
| 104|0x0000000086800000, 0x0000000086900000, 0x0000000086900000|100%| O|  |TAMS 0x0000000086900000| PB 0x0000000086800000| Updating 
| 105|0x0000000086900000, 0x0000000086a00000, 0x0000000086a00000|100%|HS|  |TAMS 0x0000000086900000| PB 0x0000000086900000| Complete 
| 106|0x0000000086a00000, 0x0000000086b00000, 0x0000000086b00000|100%| O|  |TAMS 0x0000000086b00000| PB 0x0000000086a00000| Updating 
| 107|0x0000000086b00000, 0x0000000086c00000, 0x0000000086c00000|100%| O|  |TAMS 0x0000000086c00000| PB 0x0000000086b00000| Updating 
| 108|0x0000000086c00000, 0x0000000086c00000, 0x0000000086d00000|  0%| F|  |TAMS 0x0000000086c00000| PB 0x0000000086c00000| Untracked 
| 109|0x0000000086d00000, 0x0000000086d00000, 0x0000000086e00000|  0%| F|  |TAMS 0x0000000086d00000| PB 0x0000000086d00000| Untracked 
| 110|0x0000000086e00000, 0x0000000086f00000, 0x0000000086f00000|100%| O|  |TAMS 0x0000000086f00000| PB 0x0000000086e00000| Untracked 
| 111|0x0000000086f00000, 0x0000000087000000, 0x0000000087000000|100%| O|  |TAMS 0x0000000087000000| PB 0x0000000086f00000| Updating 
| 112|0x0000000087000000, 0x0000000087100000, 0x0000000087100000|100%| O|  |TAMS 0x0000000087100000| PB 0x0000000087000000| Updating 
| 113|0x0000000087100000, 0x0000000087200000, 0x0000000087200000|100%| O|  |TAMS 0x0000000087200000| PB 0x0000000087100000| Updating 
| 114|0x0000000087200000, 0x0000000087300000, 0x0000000087300000|100%| O|  |TAMS 0x0000000087300000| PB 0x0000000087200000| Updating 
| 115|0x0000000087300000, 0x0000000087400000, 0x0000000087400000|100%| O|  |TAMS 0x0000000087400000| PB 0x0000000087300000| Updating 
| 116|0x0000000087400000, 0x0000000087500000, 0x0000000087500000|100%| O|  |TAMS 0x0000000087500000| PB 0x0000000087400000| Untracked 
| 117|0x0000000087500000, 0x0000000087600000, 0x0000000087600000|100%| O|  |TAMS 0x0000000087600000| PB 0x0000000087500000| Untracked 
| 118|0x0000000087600000, 0x0000000087700000, 0x0000000087700000|100%| O|  |TAMS 0x0000000087700000| PB 0x0000000087600000| Updating 
| 119|0x0000000087700000, 0x0000000087800000, 0x0000000087800000|100%| O|  |TAMS 0x0000000087800000| PB 0x0000000087700000| Updating 
| 120|0x0000000087800000, 0x0000000087800000, 0x0000000087900000|  0%| F|  |TAMS 0x0000000087800000| PB 0x0000000087800000| Untracked 
| 121|0x0000000087900000, 0x0000000087a00000, 0x0000000087a00000|100%| O|  |TAMS 0x0000000087a00000| PB 0x0000000087900000| Untracked 
| 122|0x0000000087a00000, 0x0000000087b00000, 0x0000000087b00000|100%| O|  |TAMS 0x0000000087b00000| PB 0x0000000087a00000| Updating 
| 123|0x0000000087b00000, 0x0000000087c00000, 0x0000000087c00000|100%| O|  |TAMS 0x0000000087c00000| PB 0x0000000087b00000| Updating 
| 124|0x0000000087c00000, 0x0000000087d00000, 0x0000000087d00000|100%| O|  |TAMS 0x0000000087d00000| PB 0x0000000087c00000| Updating 
| 125|0x0000000087d00000, 0x0000000087e00000, 0x0000000087e00000|100%| O|  |TAMS 0x0000000087e00000| PB 0x0000000087d00000| Updating 
| 126|0x0000000087e00000, 0x0000000087f00000, 0x0000000087f00000|100%| O|  |TAMS 0x0000000087f00000| PB 0x0000000087e00000| Updating 
| 127|0x0000000087f00000, 0x0000000088000000, 0x0000000088000000|100%| O|  |TAMS 0x0000000088000000| PB 0x0000000087f00000| Updating 
| 128|0x0000000088000000, 0x0000000088100000, 0x0000000088100000|100%| O|  |TAMS 0x0000000088100000| PB 0x0000000088000000| Updating 
| 129|0x0000000088100000, 0x0000000088100000, 0x0000000088200000|  0%| F|  |TAMS 0x0000000088100000| PB 0x0000000088100000| Untracked 
| 130|0x0000000088200000, 0x0000000088300000, 0x0000000088300000|100%| O|  |TAMS 0x0000000088300000| PB 0x0000000088200000| Updating 
| 131|0x0000000088300000, 0x000000008834fd58, 0x0000000088400000| 31%| O|  |TAMS 0x000000008834fd58| PB 0x0000000088300000| Updating 
| 132|0x0000000088400000, 0x0000000088500000, 0x0000000088500000|100%| O|  |TAMS 0x0000000088500000| PB 0x0000000088400000| Updating 
| 133|0x0000000088500000, 0x0000000088600000, 0x0000000088600000|100%| O|  |TAMS 0x0000000088600000| PB 0x0000000088500000| Updating 
| 134|0x0000000088600000, 0x0000000088700000, 0x0000000088700000|100%|HS|  |TAMS 0x0000000088600000| PB 0x0000000088600000| Complete 
| 135|0x0000000088700000, 0x0000000088800000, 0x0000000088800000|100%|HC|  |TAMS 0x0000000088700000| PB 0x0000000088700000| Complete 
| 136|0x0000000088800000, 0x0000000088900000, 0x0000000088900000|100%|HC|  |TAMS 0x0000000088800000| PB 0x0000000088800000| Complete 
| 137|0x0000000088900000, 0x0000000088a00000, 0x0000000088a00000|100%|HC|  |TAMS 0x0000000088900000| PB 0x0000000088900000| Complete 
| 138|0x0000000088a00000, 0x0000000088b00000, 0x0000000088b00000|100%|HC|  |TAMS 0x0000000088a00000| PB 0x0000000088a00000| Complete 
| 139|0x0000000088b00000, 0x0000000088c00000, 0x0000000088c00000|100%|HC|  |TAMS 0x0000000088b00000| PB 0x0000000088b00000| Complete 
| 140|0x0000000088c00000, 0x0000000088d00000, 0x0000000088d00000|100%|HC|  |TAMS 0x0000000088c00000| PB 0x0000000088c00000| Complete 
| 141|0x0000000088d00000, 0x0000000088e00000, 0x0000000088e00000|100%|HC|  |TAMS 0x0000000088d00000| PB 0x0000000088d00000| Complete 
| 142|0x0000000088e00000, 0x0000000088e00000, 0x0000000088f00000|  0%| F|  |TAMS 0x0000000088e00000| PB 0x0000000088e00000| Untracked 
| 143|0x0000000088f00000, 0x0000000089000000, 0x0000000089000000|100%| O|  |TAMS 0x0000000089000000| PB 0x0000000088f00000| Updating 
| 144|0x0000000089000000, 0x0000000089100000, 0x0000000089100000|100%| O|  |TAMS 0x0000000089100000| PB 0x0000000089000000| Updating 
| 145|0x0000000089100000, 0x0000000089100000, 0x0000000089200000|  0%| F|  |TAMS 0x0000000089100000| PB 0x0000000089100000| Untracked 
| 146|0x0000000089200000, 0x0000000089300000, 0x0000000089300000|100%| O|  |TAMS 0x0000000089300000| PB 0x0000000089200000| Updating 
| 147|0x0000000089300000, 0x0000000089400000, 0x0000000089400000|100%| O|  |TAMS 0x0000000089400000| PB 0x0000000089300000| Updating 
| 148|0x0000000089400000, 0x0000000089400000, 0x0000000089500000|  0%| F|  |TAMS 0x0000000089400000| PB 0x0000000089400000| Untracked 
| 149|0x0000000089500000, 0x0000000089500000, 0x0000000089600000|  0%| F|  |TAMS 0x0000000089500000| PB 0x0000000089500000| Untracked 
| 150|0x0000000089600000, 0x0000000089600000, 0x0000000089700000|  0%| F|  |TAMS 0x0000000089600000| PB 0x0000000089600000| Untracked 
| 151|0x0000000089700000, 0x0000000089700000, 0x0000000089800000|  0%| F|  |TAMS 0x0000000089700000| PB 0x0000000089700000| Untracked 
| 152|0x0000000089800000, 0x0000000089800000, 0x0000000089900000|  0%| F|  |TAMS 0x0000000089800000| PB 0x0000000089800000| Untracked 
| 153|0x0000000089900000, 0x0000000089900000, 0x0000000089a00000|  0%| F|  |TAMS 0x0000000089900000| PB 0x0000000089900000| Untracked 
| 154|0x0000000089a00000, 0x0000000089b00000, 0x0000000089b00000|100%| O|  |TAMS 0x0000000089b00000| PB 0x0000000089a00000| Untracked 
| 155|0x0000000089b00000, 0x0000000089c00000, 0x0000000089c00000|100%| O|  |TAMS 0x0000000089c00000| PB 0x0000000089b00000| Updating 
| 156|0x0000000089c00000, 0x0000000089d00000, 0x0000000089d00000|100%| O|  |TAMS 0x0000000089d00000| PB 0x0000000089c00000| Updating 
| 157|0x0000000089d00000, 0x0000000089d00000, 0x0000000089e00000|  0%| F|  |TAMS 0x0000000089d00000| PB 0x0000000089d00000| Untracked 
| 158|0x0000000089e00000, 0x0000000089f00000, 0x0000000089f00000|100%| O|  |TAMS 0x0000000089f00000| PB 0x0000000089e00000| Updating 
| 159|0x0000000089f00000, 0x0000000089f00000, 0x000000008a000000|  0%| F|  |TAMS 0x0000000089f00000| PB 0x0000000089f00000| Untracked 
| 160|0x000000008a000000, 0x000000008a100000, 0x000000008a100000|100%| O|  |TAMS 0x000000008a100000| PB 0x000000008a000000| Updating 
| 161|0x000000008a100000, 0x000000008a100000, 0x000000008a200000|  0%| F|  |TAMS 0x000000008a100000| PB 0x000000008a100000| Untracked 
| 162|0x000000008a200000, 0x000000008a300000, 0x000000008a300000|100%| O|  |TAMS 0x000000008a300000| PB 0x000000008a200000| Updating 
| 163|0x000000008a300000, 0x000000008a300000, 0x000000008a400000|  0%| F|  |TAMS 0x000000008a300000| PB 0x000000008a300000| Untracked 
| 164|0x000000008a400000, 0x000000008a400000, 0x000000008a500000|  0%| F|  |TAMS 0x000000008a400000| PB 0x000000008a400000| Untracked 
| 165|0x000000008a500000, 0x000000008a500000, 0x000000008a600000|  0%| F|  |TAMS 0x000000008a500000| PB 0x000000008a500000| Untracked 
| 166|0x000000008a600000, 0x000000008a700000, 0x000000008a700000|100%| O|  |TAMS 0x000000008a700000| PB 0x000000008a600000| Updating 
| 167|0x000000008a700000, 0x000000008a800000, 0x000000008a800000|100%| O|  |TAMS 0x000000008a800000| PB 0x000000008a700000| Updating 
| 168|0x000000008a800000, 0x000000008a800000, 0x000000008a900000|  0%| F|  |TAMS 0x000000008a800000| PB 0x000000008a800000| Untracked 
| 169|0x000000008a900000, 0x000000008aa00000, 0x000000008aa00000|100%| O|  |TAMS 0x000000008aa00000| PB 0x000000008a900000| Untracked 
| 170|0x000000008aa00000, 0x000000008ab00000, 0x000000008ab00000|100%| O|  |TAMS 0x000000008ab00000| PB 0x000000008aa00000| Updating 
| 171|0x000000008ab00000, 0x000000008ab00000, 0x000000008ac00000|  0%| F|  |TAMS 0x000000008ab00000| PB 0x000000008ab00000| Untracked 
| 172|0x000000008ac00000, 0x000000008ac00000, 0x000000008ad00000|  0%| F|  |TAMS 0x000000008ac00000| PB 0x000000008ac00000| Untracked 
| 173|0x000000008ad00000, 0x000000008ad00000, 0x000000008ae00000|  0%| F|  |TAMS 0x000000008ad00000| PB 0x000000008ad00000| Untracked 
| 174|0x000000008ae00000, 0x000000008ae00000, 0x000000008af00000|  0%| F|  |TAMS 0x000000008ae00000| PB 0x000000008ae00000| Untracked 
| 175|0x000000008af00000, 0x000000008af00000, 0x000000008b000000|  0%| F|  |TAMS 0x000000008af00000| PB 0x000000008af00000| Untracked 
| 176|0x000000008b000000, 0x000000008b100000, 0x000000008b100000|100%| O|  |TAMS 0x000000008b100000| PB 0x000000008b000000| Updating 
| 177|0x000000008b100000, 0x000000008b100000, 0x000000008b200000|  0%| F|  |TAMS 0x000000008b100000| PB 0x000000008b100000| Untracked 
| 178|0x000000008b200000, 0x000000008b300000, 0x000000008b300000|100%| O|  |TAMS 0x000000008b300000| PB 0x000000008b200000| Untracked 
| 179|0x000000008b300000, 0x000000008b400000, 0x000000008b400000|100%| O|  |TAMS 0x000000008b400000| PB 0x000000008b300000| Updating 
| 180|0x000000008b400000, 0x000000008b500000, 0x000000008b500000|100%| O|  |TAMS 0x000000008b500000| PB 0x000000008b400000| Updating 
| 181|0x000000008b500000, 0x000000008b600000, 0x000000008b600000|100%| O|  |TAMS 0x000000008b600000| PB 0x000000008b500000| Updating 
| 182|0x000000008b600000, 0x000000008b700000, 0x000000008b700000|100%| O|  |TAMS 0x000000008b700000| PB 0x000000008b600000| Updating 
| 183|0x000000008b700000, 0x000000008b800000, 0x000000008b800000|100%| O|  |TAMS 0x000000008b800000| PB 0x000000008b700000| Updating 
| 184|0x000000008b800000, 0x000000008b900000, 0x000000008b900000|100%| O|  |TAMS 0x000000008b900000| PB 0x000000008b800000| Updating 
| 185|0x000000008b900000, 0x000000008ba00000, 0x000000008ba00000|100%| O|  |TAMS 0x000000008ba00000| PB 0x000000008b900000| Updating 
| 186|0x000000008ba00000, 0x000000008ba00000, 0x000000008bb00000|  0%| F|  |TAMS 0x000000008ba00000| PB 0x000000008ba00000| Untracked 
| 187|0x000000008bb00000, 0x000000008bb00000, 0x000000008bc00000|  0%| F|  |TAMS 0x000000008bb00000| PB 0x000000008bb00000| Untracked 
| 188|0x000000008bc00000, 0x000000008bd00000, 0x000000008bd00000|100%| O|  |TAMS 0x000000008bd00000| PB 0x000000008bc00000| Updating 
| 189|0x000000008bd00000, 0x000000008bd00000, 0x000000008be00000|  0%| F|  |TAMS 0x000000008bd00000| PB 0x000000008bd00000| Untracked 
| 190|0x000000008be00000, 0x000000008be00000, 0x000000008bf00000|  0%| F|  |TAMS 0x000000008be00000| PB 0x000000008be00000| Untracked 
| 191|0x000000008bf00000, 0x000000008c000000, 0x000000008c000000|100%| O|  |TAMS 0x000000008c000000| PB 0x000000008bf00000| Updating 
| 192|0x000000008c000000, 0x000000008c100000, 0x000000008c100000|100%| O|  |TAMS 0x000000008c100000| PB 0x000000008c000000| Updating 
| 193|0x000000008c100000, 0x000000008c200000, 0x000000008c200000|100%| O|  |TAMS 0x000000008c200000| PB 0x000000008c100000| Updating 
| 194|0x000000008c200000, 0x000000008c200000, 0x000000008c300000|  0%| F|  |TAMS 0x000000008c200000| PB 0x000000008c200000| Untracked 
| 195|0x000000008c300000, 0x000000008c400000, 0x000000008c400000|100%| O|  |TAMS 0x000000008c400000| PB 0x000000008c300000| Updating 
| 196|0x000000008c400000, 0x000000008c500000, 0x000000008c500000|100%| O|  |TAMS 0x000000008c500000| PB 0x000000008c400000| Updating 
| 197|0x000000008c500000, 0x000000008c600000, 0x000000008c600000|100%| O|  |TAMS 0x000000008c600000| PB 0x000000008c500000| Updating 
| 198|0x000000008c600000, 0x000000008c700000, 0x000000008c700000|100%| O|  |TAMS 0x000000008c700000| PB 0x000000008c600000| Updating 
| 199|0x000000008c700000, 0x000000008c800000, 0x000000008c800000|100%| O|  |TAMS 0x000000008c800000| PB 0x000000008c700000| Updating 
| 200|0x000000008c800000, 0x000000008c900000, 0x000000008c900000|100%| O|  |TAMS 0x000000008c900000| PB 0x000000008c800000| Updating 
| 201|0x000000008c900000, 0x000000008c900000, 0x000000008ca00000|  0%| F|  |TAMS 0x000000008c900000| PB 0x000000008c900000| Untracked 
| 202|0x000000008ca00000, 0x000000008cb00000, 0x000000008cb00000|100%| O|  |TAMS 0x000000008cb00000| PB 0x000000008ca00000| Updating 
| 203|0x000000008cb00000, 0x000000008cb00000, 0x000000008cc00000|  0%| F|  |TAMS 0x000000008cb00000| PB 0x000000008cb00000| Untracked 
| 204|0x000000008cc00000, 0x000000008cd00000, 0x000000008cd00000|100%| O|  |TAMS 0x000000008cd00000| PB 0x000000008cc00000| Updating 
| 205|0x000000008cd00000, 0x000000008cd00000, 0x000000008ce00000|  0%| F|  |TAMS 0x000000008cd00000| PB 0x000000008cd00000| Untracked 
| 206|0x000000008ce00000, 0x000000008cf00000, 0x000000008cf00000|100%| O|  |TAMS 0x000000008cf00000| PB 0x000000008ce00000| Updating 
| 207|0x000000008cf00000, 0x000000008d000000, 0x000000008d000000|100%| O|  |TAMS 0x000000008d000000| PB 0x000000008cf00000| Updating 
| 208|0x000000008d000000, 0x000000008d000000, 0x000000008d100000|  0%| F|  |TAMS 0x000000008d000000| PB 0x000000008d000000| Untracked 
| 209|0x000000008d100000, 0x000000008d100000, 0x000000008d200000|  0%| F|  |TAMS 0x000000008d100000| PB 0x000000008d100000| Untracked 
| 210|0x000000008d200000, 0x000000008d200000, 0x000000008d300000|  0%| F|  |TAMS 0x000000008d200000| PB 0x000000008d200000| Untracked 
| 211|0x000000008d300000, 0x000000008d300000, 0x000000008d400000|  0%| F|  |TAMS 0x000000008d300000| PB 0x000000008d300000| Untracked 
| 212|0x000000008d400000, 0x000000008d500000, 0x000000008d500000|100%| O|  |TAMS 0x000000008d500000| PB 0x000000008d400000| Updating 
| 213|0x000000008d500000, 0x000000008d600000, 0x000000008d600000|100%| O|  |TAMS 0x000000008d600000| PB 0x000000008d500000| Updating 
| 214|0x000000008d600000, 0x000000008d600000, 0x000000008d700000|  0%| F|  |TAMS 0x000000008d600000| PB 0x000000008d600000| Untracked 
| 215|0x000000008d700000, 0x000000008d700000, 0x000000008d800000|  0%| F|  |TAMS 0x000000008d700000| PB 0x000000008d700000| Untracked 
| 216|0x000000008d800000, 0x000000008d900000, 0x000000008d900000|100%| O|  |TAMS 0x000000008d900000| PB 0x000000008d800000| Updating 
| 217|0x000000008d900000, 0x000000008da00000, 0x000000008da00000|100%|HS|  |TAMS 0x000000008d900000| PB 0x000000008d900000| Complete 
| 218|0x000000008da00000, 0x000000008db00000, 0x000000008db00000|100%|HC|  |TAMS 0x000000008da00000| PB 0x000000008da00000| Complete 
| 219|0x000000008db00000, 0x000000008dc00000, 0x000000008dc00000|100%|HC|  |TAMS 0x000000008db00000| PB 0x000000008db00000| Complete 
| 220|0x000000008dc00000, 0x000000008dd00000, 0x000000008dd00000|100%|HC|  |TAMS 0x000000008dc00000| PB 0x000000008dc00000| Complete 
| 221|0x000000008dd00000, 0x000000008de00000, 0x000000008de00000|100%|HC|  |TAMS 0x000000008dd00000| PB 0x000000008dd00000| Complete 
| 222|0x000000008de00000, 0x000000008df00000, 0x000000008df00000|100%|HC|  |TAMS 0x000000008de00000| PB 0x000000008de00000| Complete 
| 223|0x000000008df00000, 0x000000008e000000, 0x000000008e000000|100%|HC|  |TAMS 0x000000008df00000| PB 0x000000008df00000| Complete 
| 224|0x000000008e000000, 0x000000008e100000, 0x000000008e100000|100%|HC|  |TAMS 0x000000008e000000| PB 0x000000008e000000| Complete 
| 225|0x000000008e100000, 0x000000008e200000, 0x000000008e200000|100%|HC|  |TAMS 0x000000008e100000| PB 0x000000008e100000| Complete 
| 226|0x000000008e200000, 0x000000008e300000, 0x000000008e300000|100%|HC|  |TAMS 0x000000008e200000| PB 0x000000008e200000| Complete 
| 227|0x000000008e300000, 0x000000008e400000, 0x000000008e400000|100%|HC|  |TAMS 0x000000008e300000| PB 0x000000008e300000| Complete 
| 228|0x000000008e400000, 0x000000008e500000, 0x000000008e500000|100%| O|  |TAMS 0x000000008e500000| PB 0x000000008e400000| Untracked 
| 229|0x000000008e500000, 0x000000008e600000, 0x000000008e600000|100%| O|  |TAMS 0x000000008e600000| PB 0x000000008e500000| Untracked 
| 230|0x000000008e600000, 0x000000008e700000, 0x000000008e700000|100%| O|  |TAMS 0x000000008e700000| PB 0x000000008e600000| Untracked 
| 231|0x000000008e700000, 0x000000008e800000, 0x000000008e800000|100%| O|  |TAMS 0x000000008e800000| PB 0x000000008e700000| Untracked 
| 232|0x000000008e800000, 0x000000008e900000, 0x000000008e900000|100%| O|  |TAMS 0x000000008e900000| PB 0x000000008e800000| Untracked 
| 233|0x000000008e900000, 0x000000008ea00000, 0x000000008ea00000|100%| O|  |TAMS 0x000000008ea00000| PB 0x000000008e900000| Untracked 
| 234|0x000000008ea00000, 0x000000008eb00000, 0x000000008eb00000|100%| O|  |TAMS 0x000000008eb00000| PB 0x000000008ea00000| Untracked 
| 235|0x000000008eb00000, 0x000000008eb00000, 0x000000008ec00000|  0%| F|  |TAMS 0x000000008eb00000| PB 0x000000008eb00000| Untracked 
| 236|0x000000008ec00000, 0x000000008ec00000, 0x000000008ed00000|  0%| F|  |TAMS 0x000000008ec00000| PB 0x000000008ec00000| Untracked 
| 237|0x000000008ed00000, 0x000000008ed00000, 0x000000008ee00000|  0%| F|  |TAMS 0x000000008ed00000| PB 0x000000008ed00000| Untracked 
| 238|0x000000008ee00000, 0x000000008ee00000, 0x000000008ef00000|  0%| F|  |TAMS 0x000000008ee00000| PB 0x000000008ee00000| Untracked 
| 239|0x000000008ef00000, 0x000000008f000000, 0x000000008f000000|100%| O|Cm|TAMS 0x000000008ef00000| PB 0x000000008ef00000| Complete 
| 240|0x000000008f000000, 0x000000008f100000, 0x000000008f100000|100%| O|Cm|TAMS 0x000000008f000000| PB 0x000000008f000000| Complete 
| 241|0x000000008f100000, 0x000000008f200000, 0x000000008f200000|100%| O|Cm|TAMS 0x000000008f100000| PB 0x000000008f100000| Complete 
| 242|0x000000008f200000, 0x000000008f200000, 0x000000008f300000|  0%| F|  |TAMS 0x000000008f200000| PB 0x000000008f200000| Untracked 
| 243|0x000000008f300000, 0x000000008f300000, 0x000000008f400000|  0%| F|  |TAMS 0x000000008f300000| PB 0x000000008f300000| Untracked 
| 244|0x000000008f400000, 0x000000008f400000, 0x000000008f500000|  0%| F|  |TAMS 0x000000008f400000| PB 0x000000008f400000| Untracked 
| 245|0x000000008f500000, 0x000000008f600000, 0x000000008f600000|100%| O|  |TAMS 0x000000008f500000| PB 0x000000008f500000| Untracked 
| 246|0x000000008f600000, 0x000000008f700000, 0x000000008f700000|100%| O|Cm|TAMS 0x000000008f600000| PB 0x000000008f600000| Complete 
| 247|0x000000008f700000, 0x000000008f700000, 0x000000008f800000|  0%| F|  |TAMS 0x000000008f700000| PB 0x000000008f700000| Untracked 
| 248|0x000000008f800000, 0x000000008f900000, 0x000000008f900000|100%| O|  |TAMS 0x000000008f800000| PB 0x000000008f800000| Untracked 
| 249|0x000000008f900000, 0x000000008fa00000, 0x000000008fa00000|100%| O|  |TAMS 0x000000008f900000| PB 0x000000008f900000| Untracked 
| 250|0x000000008fa00000, 0x000000008fa00000, 0x000000008fb00000|  0%| F|  |TAMS 0x000000008fa00000| PB 0x000000008fa00000| Untracked 
| 251|0x000000008fb00000, 0x000000008fc00000, 0x000000008fc00000|100%| O|  |TAMS 0x000000008fb00000| PB 0x000000008fb00000| Untracked 
| 252|0x000000008fc00000, 0x000000008fd00000, 0x000000008fd00000|100%| O|  |TAMS 0x000000008fc00000| PB 0x000000008fc00000| Untracked 
| 253|0x000000008fd00000, 0x000000008fe00000, 0x000000008fe00000|100%| O|  |TAMS 0x000000008fd00000| PB 0x000000008fd00000| Untracked 
| 254|0x000000008fe00000, 0x000000008ff00000, 0x000000008ff00000|100%| O|  |TAMS 0x000000008fe00000| PB 0x000000008fe00000| Untracked 
| 255|0x000000008ff00000, 0x000000008ff00000, 0x0000000090000000|  0%| F|  |TAMS 0x000000008ff00000| PB 0x000000008ff00000| Untracked 
| 256|0x0000000090000000, 0x0000000090000000, 0x0000000090100000|  0%| F|  |TAMS 0x0000000090000000| PB 0x0000000090000000| Untracked 
| 257|0x0000000090100000, 0x0000000090100000, 0x0000000090200000|  0%| F|  |TAMS 0x0000000090100000| PB 0x0000000090100000| Untracked 
| 258|0x0000000090200000, 0x0000000090200000, 0x0000000090300000|  0%| F|  |TAMS 0x0000000090200000| PB 0x0000000090200000| Untracked 
| 259|0x0000000090300000, 0x0000000090300000, 0x0000000090400000|  0%| F|  |TAMS 0x0000000090300000| PB 0x0000000090300000| Untracked 
| 260|0x0000000090400000, 0x0000000090500000, 0x0000000090500000|100%| O|Cm|TAMS 0x0000000090400000| PB 0x0000000090400000| Complete 
| 261|0x0000000090500000, 0x0000000090500000, 0x0000000090600000|  0%| F|  |TAMS 0x0000000090500000| PB 0x0000000090500000| Untracked 
| 262|0x0000000090600000, 0x0000000090600000, 0x0000000090700000|  0%| F|  |TAMS 0x0000000090600000| PB 0x0000000090600000| Untracked 
| 263|0x0000000090700000, 0x0000000090800000, 0x0000000090800000|100%| O|  |TAMS 0x0000000090700000| PB 0x0000000090700000| Untracked 
| 264|0x0000000090800000, 0x0000000090900000, 0x0000000090900000|100%|HS|  |TAMS 0x0000000090800000| PB 0x0000000090800000| Complete 
| 265|0x0000000090900000, 0x0000000090a00000, 0x0000000090a00000|100%|HC|  |TAMS 0x0000000090900000| PB 0x0000000090900000| Complete 
| 266|0x0000000090a00000, 0x0000000090b00000, 0x0000000090b00000|100%|HC|  |TAMS 0x0000000090a00000| PB 0x0000000090a00000| Complete 
| 267|0x0000000090b00000, 0x0000000090c00000, 0x0000000090c00000|100%|HC|  |TAMS 0x0000000090b00000| PB 0x0000000090b00000| Complete 
| 268|0x0000000090c00000, 0x0000000090d00000, 0x0000000090d00000|100%|HC|  |TAMS 0x0000000090c00000| PB 0x0000000090c00000| Complete 
| 269|0x0000000090d00000, 0x0000000090e00000, 0x0000000090e00000|100%|HC|  |TAMS 0x0000000090d00000| PB 0x0000000090d00000| Complete 
| 270|0x0000000090e00000, 0x0000000090f00000, 0x0000000090f00000|100%|HC|  |TAMS 0x0000000090e00000| PB 0x0000000090e00000| Complete 
| 271|0x0000000090f00000, 0x0000000091000000, 0x0000000091000000|100%|HC|  |TAMS 0x0000000090f00000| PB 0x0000000090f00000| Complete 
| 272|0x0000000091000000, 0x0000000091100000, 0x0000000091100000|100%|HS|  |TAMS 0x0000000091000000| PB 0x0000000091000000| Complete 
| 273|0x0000000091100000, 0x0000000091200000, 0x0000000091200000|100%|HC|  |TAMS 0x0000000091100000| PB 0x0000000091100000| Complete 
| 274|0x0000000091200000, 0x0000000091300000, 0x0000000091300000|100%|HC|  |TAMS 0x0000000091200000| PB 0x0000000091200000| Complete 
| 275|0x0000000091300000, 0x0000000091400000, 0x0000000091400000|100%|HC|  |TAMS 0x0000000091300000| PB 0x0000000091300000| Complete 
| 276|0x0000000091400000, 0x0000000091500000, 0x0000000091500000|100%|HC|  |TAMS 0x0000000091400000| PB 0x0000000091400000| Complete 
| 277|0x0000000091500000, 0x0000000091600000, 0x0000000091600000|100%|HC|  |TAMS 0x0000000091500000| PB 0x0000000091500000| Complete 
| 278|0x0000000091600000, 0x0000000091700000, 0x0000000091700000|100%|HC|  |TAMS 0x0000000091600000| PB 0x0000000091600000| Complete 
| 279|0x0000000091700000, 0x0000000091800000, 0x0000000091800000|100%|HC|  |TAMS 0x0000000091700000| PB 0x0000000091700000| Complete 
| 280|0x0000000091800000, 0x0000000091900000, 0x0000000091900000|100%|HC|  |TAMS 0x0000000091800000| PB 0x0000000091800000| Complete 
| 281|0x0000000091900000, 0x0000000091a00000, 0x0000000091a00000|100%| O|  |TAMS 0x0000000091900000| PB 0x0000000091900000| Untracked 
| 282|0x0000000091a00000, 0x0000000091a00000, 0x0000000091b00000|  0%| F|  |TAMS 0x0000000091a00000| PB 0x0000000091a00000| Untracked 
| 283|0x0000000091b00000, 0x0000000091b00000, 0x0000000091c00000|  0%| F|  |TAMS 0x0000000091b00000| PB 0x0000000091b00000| Untracked 
| 284|0x0000000091c00000, 0x0000000091c00000, 0x0000000091d00000|  0%| F|  |TAMS 0x0000000091c00000| PB 0x0000000091c00000| Untracked 
| 285|0x0000000091d00000, 0x0000000091e00000, 0x0000000091e00000|100%| O|  |TAMS 0x0000000091d00000| PB 0x0000000091d00000| Untracked 
| 286|0x0000000091e00000, 0x0000000091f00000, 0x0000000091f00000|100%|HS|  |TAMS 0x0000000091e00000| PB 0x0000000091e00000| Complete 
| 287|0x0000000091f00000, 0x0000000092000000, 0x0000000092000000|100%|HC|  |TAMS 0x0000000091f00000| PB 0x0000000091f00000| Complete 
| 288|0x0000000092000000, 0x0000000092100000, 0x0000000092100000|100%|HC|  |TAMS 0x0000000092000000| PB 0x0000000092000000| Complete 
| 289|0x0000000092100000, 0x0000000092200000, 0x0000000092200000|100%|HC|  |TAMS 0x0000000092100000| PB 0x0000000092100000| Complete 
| 290|0x0000000092200000, 0x0000000092300000, 0x0000000092300000|100%|HC|  |TAMS 0x0000000092200000| PB 0x0000000092200000| Complete 
| 291|0x0000000092300000, 0x0000000092400000, 0x0000000092400000|100%|HC|  |TAMS 0x0000000092300000| PB 0x0000000092300000| Complete 
| 292|0x0000000092400000, 0x0000000092500000, 0x0000000092500000|100%|HC|  |TAMS 0x0000000092400000| PB 0x0000000092400000| Complete 
| 293|0x0000000092500000, 0x0000000092600000, 0x0000000092600000|100%|HC|  |TAMS 0x0000000092500000| PB 0x0000000092500000| Complete 
| 294|0x0000000092600000, 0x0000000092700000, 0x0000000092700000|100%|HC|  |TAMS 0x0000000092600000| PB 0x0000000092600000| Complete 
| 295|0x0000000092700000, 0x0000000092800000, 0x0000000092800000|100%|HC|  |TAMS 0x0000000092700000| PB 0x0000000092700000| Complete 
| 296|0x0000000092800000, 0x0000000092900000, 0x0000000092900000|100%|HC|  |TAMS 0x0000000092800000| PB 0x0000000092800000| Complete 
| 297|0x0000000092900000, 0x0000000092a00000, 0x0000000092a00000|100%|HC|  |TAMS 0x0000000092900000| PB 0x0000000092900000| Complete 
| 298|0x0000000092a00000, 0x0000000092b00000, 0x0000000092b00000|100%|HC|  |TAMS 0x0000000092a00000| PB 0x0000000092a00000| Complete 
| 299|0x0000000092b00000, 0x0000000092c00000, 0x0000000092c00000|100%|HC|  |TAMS 0x0000000092b00000| PB 0x0000000092b00000| Complete 
| 300|0x0000000092c00000, 0x0000000092d00000, 0x0000000092d00000|100%|HC|  |TAMS 0x0000000092c00000| PB 0x0000000092c00000| Complete 
| 301|0x0000000092d00000, 0x0000000092e00000, 0x0000000092e00000|100%|HC|  |TAMS 0x0000000092d00000| PB 0x0000000092d00000| Complete 
| 302|0x0000000092e00000, 0x0000000092f00000, 0x0000000092f00000|100%|HS|  |TAMS 0x0000000092e00000| PB 0x0000000092e00000| Complete 
| 303|0x0000000092f00000, 0x0000000093000000, 0x0000000093000000|100%|HC|  |TAMS 0x0000000092f00000| PB 0x0000000092f00000| Complete 
| 304|0x0000000093000000, 0x0000000093100000, 0x0000000093100000|100%|HC|  |TAMS 0x0000000093000000| PB 0x0000000093000000| Complete 
| 305|0x0000000093100000, 0x0000000093200000, 0x0000000093200000|100%|HC|  |TAMS 0x0000000093100000| PB 0x0000000093100000| Complete 
| 306|0x0000000093200000, 0x0000000093300000, 0x0000000093300000|100%|HC|  |TAMS 0x0000000093200000| PB 0x0000000093200000| Complete 
| 307|0x0000000093300000, 0x0000000093400000, 0x0000000093400000|100%|HC|  |TAMS 0x0000000093300000| PB 0x0000000093300000| Complete 
| 308|0x0000000093400000, 0x0000000093500000, 0x0000000093500000|100%|HC|  |TAMS 0x0000000093400000| PB 0x0000000093400000| Complete 
| 309|0x0000000093500000, 0x0000000093600000, 0x0000000093600000|100%|HC|  |TAMS 0x0000000093500000| PB 0x0000000093500000| Complete 
| 310|0x0000000093600000, 0x0000000093700000, 0x0000000093700000|100%|HC|  |TAMS 0x0000000093600000| PB 0x0000000093600000| Complete 
| 311|0x0000000093700000, 0x0000000093800000, 0x0000000093800000|100%|HC|  |TAMS 0x0000000093700000| PB 0x0000000093700000| Complete 
| 312|0x0000000093800000, 0x0000000093900000, 0x0000000093900000|100%|HC|  |TAMS 0x0000000093800000| PB 0x0000000093800000| Complete 
| 313|0x0000000093900000, 0x0000000093a00000, 0x0000000093a00000|100%|HC|  |TAMS 0x0000000093900000| PB 0x0000000093900000| Complete 
| 314|0x0000000093a00000, 0x0000000093b00000, 0x0000000093b00000|100%|HC|  |TAMS 0x0000000093a00000| PB 0x0000000093a00000| Complete 
| 315|0x0000000093b00000, 0x0000000093c00000, 0x0000000093c00000|100%|HC|  |TAMS 0x0000000093b00000| PB 0x0000000093b00000| Complete 
| 316|0x0000000093c00000, 0x0000000093d00000, 0x0000000093d00000|100%|HS|  |TAMS 0x0000000093c00000| PB 0x0000000093c00000| Complete 
| 317|0x0000000093d00000, 0x0000000093e00000, 0x0000000093e00000|100%|HC|  |TAMS 0x0000000093d00000| PB 0x0000000093d00000| Complete 
| 318|0x0000000093e00000, 0x0000000093f00000, 0x0000000093f00000|100%|HC|  |TAMS 0x0000000093e00000| PB 0x0000000093e00000| Complete 
| 319|0x0000000093f00000, 0x0000000094000000, 0x0000000094000000|100%|HC|  |TAMS 0x0000000093f00000| PB 0x0000000093f00000| Complete 
| 320|0x0000000094000000, 0x0000000094100000, 0x0000000094100000|100%|HC|  |TAMS 0x0000000094000000| PB 0x0000000094000000| Complete 
| 321|0x0000000094100000, 0x0000000094200000, 0x0000000094200000|100%|HC|  |TAMS 0x0000000094100000| PB 0x0000000094100000| Complete 
| 322|0x0000000094200000, 0x0000000094300000, 0x0000000094300000|100%|HC|  |TAMS 0x0000000094200000| PB 0x0000000094200000| Complete 
| 323|0x0000000094300000, 0x0000000094400000, 0x0000000094400000|100%|HC|  |TAMS 0x0000000094300000| PB 0x0000000094300000| Complete 
| 324|0x0000000094400000, 0x0000000094500000, 0x0000000094500000|100%|HC|  |TAMS 0x0000000094400000| PB 0x0000000094400000| Complete 
| 325|0x0000000094500000, 0x0000000094600000, 0x0000000094600000|100%|HC|  |TAMS 0x0000000094500000| PB 0x0000000094500000| Complete 
| 326|0x0000000094600000, 0x0000000094700000, 0x0000000094700000|100%|HC|  |TAMS 0x0000000094600000| PB 0x0000000094600000| Complete 
| 327|0x0000000094700000, 0x0000000094800000, 0x0000000094800000|100%|HS|  |TAMS 0x0000000094700000| PB 0x0000000094700000| Complete 
| 328|0x0000000094800000, 0x0000000094900000, 0x0000000094900000|100%|HC|  |TAMS 0x0000000094800000| PB 0x0000000094800000| Complete 
| 329|0x0000000094900000, 0x0000000094a00000, 0x0000000094a00000|100%|HC|  |TAMS 0x0000000094900000| PB 0x0000000094900000| Complete 
| 330|0x0000000094a00000, 0x0000000094b00000, 0x0000000094b00000|100%|HC|  |TAMS 0x0000000094a00000| PB 0x0000000094a00000| Complete 
| 331|0x0000000094b00000, 0x0000000094c00000, 0x0000000094c00000|100%|HC|  |TAMS 0x0000000094b00000| PB 0x0000000094b00000| Complete 
| 332|0x0000000094c00000, 0x0000000094d00000, 0x0000000094d00000|100%|HC|  |TAMS 0x0000000094c00000| PB 0x0000000094c00000| Complete 
| 333|0x0000000094d00000, 0x0000000094e00000, 0x0000000094e00000|100%|HC|  |TAMS 0x0000000094d00000| PB 0x0000000094d00000| Complete 
| 334|0x0000000094e00000, 0x0000000094f00000, 0x0000000094f00000|100%|HC|  |TAMS 0x0000000094e00000| PB 0x0000000094e00000| Complete 
| 335|0x0000000094f00000, 0x0000000095000000, 0x0000000095000000|100%|HC|  |TAMS 0x0000000094f00000| PB 0x0000000094f00000| Complete 
| 336|0x0000000095000000, 0x0000000095100000, 0x0000000095100000|100%|HC|  |TAMS 0x0000000095000000| PB 0x0000000095000000| Complete 
| 337|0x0000000095100000, 0x0000000095200000, 0x0000000095200000|100%|HC|  |TAMS 0x0000000095100000| PB 0x0000000095100000| Complete 
| 338|0x0000000095200000, 0x0000000095300000, 0x0000000095300000|100%|HC|  |TAMS 0x0000000095200000| PB 0x0000000095200000| Complete 
| 339|0x0000000095300000, 0x0000000095400000, 0x0000000095400000|100%|HC|  |TAMS 0x0000000095300000| PB 0x0000000095300000| Complete 
| 340|0x0000000095400000, 0x0000000095500000, 0x0000000095500000|100%|HC|  |TAMS 0x0000000095400000| PB 0x0000000095400000| Complete 
| 341|0x0000000095500000, 0x0000000095600000, 0x0000000095600000|100%|HC|  |TAMS 0x0000000095500000| PB 0x0000000095500000| Complete 
| 342|0x0000000095600000, 0x0000000095700000, 0x0000000095700000|100%|HC|  |TAMS 0x0000000095600000| PB 0x0000000095600000| Complete 
| 343|0x0000000095700000, 0x0000000095800000, 0x0000000095800000|100%|HC|  |TAMS 0x0000000095700000| PB 0x0000000095700000| Complete 
| 344|0x0000000095800000, 0x0000000095900000, 0x0000000095900000|100%|HC|  |TAMS 0x0000000095800000| PB 0x0000000095800000| Complete 
| 345|0x0000000095900000, 0x0000000095a00000, 0x0000000095a00000|100%|HC|  |TAMS 0x0000000095900000| PB 0x0000000095900000| Complete 
| 346|0x0000000095a00000, 0x0000000095b00000, 0x0000000095b00000|100%|HC|  |TAMS 0x0000000095a00000| PB 0x0000000095a00000| Complete 
| 347|0x0000000095b00000, 0x0000000095c00000, 0x0000000095c00000|100%|HC|  |TAMS 0x0000000095b00000| PB 0x0000000095b00000| Complete 
| 348|0x0000000095c00000, 0x0000000095c00000, 0x0000000095d00000|  0%| F|  |TAMS 0x0000000095c00000| PB 0x0000000095c00000| Untracked 
| 349|0x0000000095d00000, 0x0000000095d00000, 0x0000000095e00000|  0%| F|  |TAMS 0x0000000095d00000| PB 0x0000000095d00000| Untracked 
| 350|0x0000000095e00000, 0x0000000095e00000, 0x0000000095f00000|  0%| F|  |TAMS 0x0000000095e00000| PB 0x0000000095e00000| Untracked 
| 351|0x0000000095f00000, 0x0000000095f00000, 0x0000000096000000|  0%| F|  |TAMS 0x0000000095f00000| PB 0x0000000095f00000| Untracked 
| 352|0x0000000096000000, 0x0000000096000000, 0x0000000096100000|  0%| F|  |TAMS 0x0000000096000000| PB 0x0000000096000000| Untracked 
| 353|0x0000000096100000, 0x0000000096100000, 0x0000000096200000|  0%| F|  |TAMS 0x0000000096100000| PB 0x0000000096100000| Untracked 
| 354|0x0000000096200000, 0x0000000096200000, 0x0000000096300000|  0%| F|  |TAMS 0x0000000096200000| PB 0x0000000096200000| Untracked 
| 355|0x0000000096300000, 0x0000000096300000, 0x0000000096400000|  0%| F|  |TAMS 0x0000000096300000| PB 0x0000000096300000| Untracked 
| 356|0x0000000096400000, 0x0000000096400000, 0x0000000096500000|  0%| F|  |TAMS 0x0000000096400000| PB 0x0000000096400000| Untracked 
| 357|0x0000000096500000, 0x0000000096500000, 0x0000000096600000|  0%| F|  |TAMS 0x0000000096500000| PB 0x0000000096500000| Untracked 
| 358|0x0000000096600000, 0x0000000096600000, 0x0000000096700000|  0%| F|  |TAMS 0x0000000096600000| PB 0x0000000096600000| Untracked 
| 359|0x0000000096700000, 0x0000000096700000, 0x0000000096800000|  0%| F|  |TAMS 0x0000000096700000| PB 0x0000000096700000| Untracked 
| 360|0x0000000096800000, 0x0000000096800000, 0x0000000096900000|  0%| F|  |TAMS 0x0000000096800000| PB 0x0000000096800000| Untracked 
| 361|0x0000000096900000, 0x0000000096900000, 0x0000000096a00000|  0%| F|  |TAMS 0x0000000096900000| PB 0x0000000096900000| Untracked 
| 362|0x0000000096a00000, 0x0000000096a00000, 0x0000000096b00000|  0%| F|  |TAMS 0x0000000096a00000| PB 0x0000000096a00000| Untracked 
| 363|0x0000000096b00000, 0x0000000096b00000, 0x0000000096c00000|  0%| F|  |TAMS 0x0000000096b00000| PB 0x0000000096b00000| Untracked 
| 364|0x0000000096c00000, 0x0000000096c00000, 0x0000000096d00000|  0%| F|  |TAMS 0x0000000096c00000| PB 0x0000000096c00000| Untracked 
| 365|0x0000000096d00000, 0x0000000096d00000, 0x0000000096e00000|  0%| F|  |TAMS 0x0000000096d00000| PB 0x0000000096d00000| Untracked 
| 366|0x0000000096e00000, 0x0000000096e00000, 0x0000000096f00000|  0%| F|  |TAMS 0x0000000096e00000| PB 0x0000000096e00000| Untracked 
| 367|0x0000000096f00000, 0x0000000096f00000, 0x0000000097000000|  0%| F|  |TAMS 0x0000000096f00000| PB 0x0000000096f00000| Untracked 
| 368|0x0000000097000000, 0x0000000097000000, 0x0000000097100000|  0%| F|  |TAMS 0x0000000097000000| PB 0x0000000097000000| Untracked 
| 369|0x0000000097100000, 0x0000000097100000, 0x0000000097200000|  0%| F|  |TAMS 0x0000000097100000| PB 0x0000000097100000| Untracked 
| 370|0x0000000097200000, 0x0000000097200000, 0x0000000097300000|  0%| F|  |TAMS 0x0000000097200000| PB 0x0000000097200000| Untracked 
| 371|0x0000000097300000, 0x0000000097300000, 0x0000000097400000|  0%| F|  |TAMS 0x0000000097300000| PB 0x0000000097300000| Untracked 
| 372|0x0000000097400000, 0x0000000097400000, 0x0000000097500000|  0%| F|  |TAMS 0x0000000097400000| PB 0x0000000097400000| Untracked 
| 373|0x0000000097500000, 0x0000000097500000, 0x0000000097600000|  0%| F|  |TAMS 0x0000000097500000| PB 0x0000000097500000| Untracked 
| 374|0x0000000097600000, 0x0000000097600000, 0x0000000097700000|  0%| F|  |TAMS 0x0000000097600000| PB 0x0000000097600000| Untracked 
| 375|0x0000000097700000, 0x0000000097700000, 0x0000000097800000|  0%| F|  |TAMS 0x0000000097700000| PB 0x0000000097700000| Untracked 
| 376|0x0000000097800000, 0x0000000097800000, 0x0000000097900000|  0%| F|  |TAMS 0x0000000097800000| PB 0x0000000097800000| Untracked 
| 377|0x0000000097900000, 0x0000000097900000, 0x0000000097a00000|  0%| F|  |TAMS 0x0000000097900000| PB 0x0000000097900000| Untracked 
| 378|0x0000000097a00000, 0x0000000097a00000, 0x0000000097b00000|  0%| F|  |TAMS 0x0000000097a00000| PB 0x0000000097a00000| Untracked 
| 379|0x0000000097b00000, 0x0000000097b00000, 0x0000000097c00000|  0%| F|  |TAMS 0x0000000097b00000| PB 0x0000000097b00000| Untracked 
| 380|0x0000000097c00000, 0x0000000097c00000, 0x0000000097d00000|  0%| F|  |TAMS 0x0000000097c00000| PB 0x0000000097c00000| Untracked 
| 381|0x0000000097d00000, 0x0000000097d00000, 0x0000000097e00000|  0%| F|  |TAMS 0x0000000097d00000| PB 0x0000000097d00000| Untracked 
| 382|0x0000000097e00000, 0x0000000097e00000, 0x0000000097f00000|  0%| F|  |TAMS 0x0000000097e00000| PB 0x0000000097e00000| Untracked 
| 383|0x0000000097f00000, 0x0000000097f00000, 0x0000000098000000|  0%| F|  |TAMS 0x0000000097f00000| PB 0x0000000097f00000| Untracked 
| 384|0x0000000098000000, 0x0000000098000000, 0x0000000098100000|  0%| F|  |TAMS 0x0000000098000000| PB 0x0000000098000000| Untracked 
| 385|0x0000000098100000, 0x0000000098100000, 0x0000000098200000|  0%| F|  |TAMS 0x0000000098100000| PB 0x0000000098100000| Untracked 
| 386|0x0000000098200000, 0x0000000098200000, 0x0000000098300000|  0%| F|  |TAMS 0x0000000098200000| PB 0x0000000098200000| Untracked 
| 387|0x0000000098300000, 0x0000000098300000, 0x0000000098400000|  0%| F|  |TAMS 0x0000000098300000| PB 0x0000000098300000| Untracked 
| 388|0x0000000098400000, 0x0000000098400000, 0x0000000098500000|  0%| F|  |TAMS 0x0000000098400000| PB 0x0000000098400000| Untracked 
| 389|0x0000000098500000, 0x0000000098500000, 0x0000000098600000|  0%| F|  |TAMS 0x0000000098500000| PB 0x0000000098500000| Untracked 
| 390|0x0000000098600000, 0x0000000098600000, 0x0000000098700000|  0%| F|  |TAMS 0x0000000098600000| PB 0x0000000098600000| Untracked 
| 391|0x0000000098700000, 0x0000000098700000, 0x0000000098800000|  0%| F|  |TAMS 0x0000000098700000| PB 0x0000000098700000| Untracked 
| 392|0x0000000098800000, 0x0000000098800000, 0x0000000098900000|  0%| F|  |TAMS 0x0000000098800000| PB 0x0000000098800000| Untracked 
| 393|0x0000000098900000, 0x0000000098900000, 0x0000000098a00000|  0%| F|  |TAMS 0x0000000098900000| PB 0x0000000098900000| Untracked 
| 394|0x0000000098a00000, 0x0000000098a00000, 0x0000000098b00000|  0%| F|  |TAMS 0x0000000098a00000| PB 0x0000000098a00000| Untracked 
| 395|0x0000000098b00000, 0x0000000098b00000, 0x0000000098c00000|  0%| F|  |TAMS 0x0000000098b00000| PB 0x0000000098b00000| Untracked 
| 396|0x0000000098c00000, 0x0000000098c00000, 0x0000000098d00000|  0%| F|  |TAMS 0x0000000098c00000| PB 0x0000000098c00000| Untracked 
| 397|0x0000000098d00000, 0x0000000098d00000, 0x0000000098e00000|  0%| F|  |TAMS 0x0000000098d00000| PB 0x0000000098d00000| Untracked 
| 398|0x0000000098e00000, 0x0000000098e00000, 0x0000000098f00000|  0%| F|  |TAMS 0x0000000098e00000| PB 0x0000000098e00000| Untracked 
| 399|0x0000000098f00000, 0x0000000098f00000, 0x0000000099000000|  0%| F|  |TAMS 0x0000000098f00000| PB 0x0000000098f00000| Untracked 
| 400|0x0000000099000000, 0x0000000099000000, 0x0000000099100000|  0%| F|  |TAMS 0x0000000099000000| PB 0x0000000099000000| Untracked 
| 401|0x0000000099100000, 0x0000000099100000, 0x0000000099200000|  0%| F|  |TAMS 0x0000000099100000| PB 0x0000000099100000| Untracked 
| 402|0x0000000099200000, 0x0000000099200000, 0x0000000099300000|  0%| F|  |TAMS 0x0000000099200000| PB 0x0000000099200000| Untracked 
| 403|0x0000000099300000, 0x0000000099300000, 0x0000000099400000|  0%| F|  |TAMS 0x0000000099300000| PB 0x0000000099300000| Untracked 
| 404|0x0000000099400000, 0x0000000099400000, 0x0000000099500000|  0%| F|  |TAMS 0x0000000099400000| PB 0x0000000099400000| Untracked 
| 405|0x0000000099500000, 0x0000000099500000, 0x0000000099600000|  0%| F|  |TAMS 0x0000000099500000| PB 0x0000000099500000| Untracked 
| 406|0x0000000099600000, 0x0000000099600000, 0x0000000099700000|  0%| F|  |TAMS 0x0000000099600000| PB 0x0000000099600000| Untracked 
| 407|0x0000000099700000, 0x0000000099700000, 0x0000000099800000|  0%| F|  |TAMS 0x0000000099700000| PB 0x0000000099700000| Untracked 
| 408|0x0000000099800000, 0x0000000099800000, 0x0000000099900000|  0%| F|  |TAMS 0x0000000099800000| PB 0x0000000099800000| Untracked 
| 409|0x0000000099900000, 0x0000000099900000, 0x0000000099a00000|  0%| F|  |TAMS 0x0000000099900000| PB 0x0000000099900000| Untracked 
| 410|0x0000000099a00000, 0x0000000099a00000, 0x0000000099b00000|  0%| F|  |TAMS 0x0000000099a00000| PB 0x0000000099a00000| Untracked 
| 411|0x0000000099b00000, 0x0000000099b00000, 0x0000000099c00000|  0%| F|  |TAMS 0x0000000099b00000| PB 0x0000000099b00000| Untracked 
| 412|0x0000000099c00000, 0x0000000099c00000, 0x0000000099d00000|  0%| F|  |TAMS 0x0000000099c00000| PB 0x0000000099c00000| Untracked 
| 413|0x0000000099d00000, 0x0000000099d00000, 0x0000000099e00000|  0%| F|  |TAMS 0x0000000099d00000| PB 0x0000000099d00000| Untracked 
| 414|0x0000000099e00000, 0x0000000099e00000, 0x0000000099f00000|  0%| F|  |TAMS 0x0000000099e00000| PB 0x0000000099e00000| Untracked 
| 415|0x0000000099f00000, 0x0000000099f00000, 0x000000009a000000|  0%| F|  |TAMS 0x0000000099f00000| PB 0x0000000099f00000| Untracked 
| 416|0x000000009a000000, 0x000000009a000000, 0x000000009a100000|  0%| F|  |TAMS 0x000000009a000000| PB 0x000000009a000000| Untracked 
| 417|0x000000009a100000, 0x000000009a100000, 0x000000009a200000|  0%| F|  |TAMS 0x000000009a100000| PB 0x000000009a100000| Untracked 
| 418|0x000000009a200000, 0x000000009a200000, 0x000000009a300000|  0%| F|  |TAMS 0x000000009a200000| PB 0x000000009a200000| Untracked 
| 419|0x000000009a300000, 0x000000009a300000, 0x000000009a400000|  0%| F|  |TAMS 0x000000009a300000| PB 0x000000009a300000| Untracked 
| 420|0x000000009a400000, 0x000000009a400000, 0x000000009a500000|  0%| F|  |TAMS 0x000000009a400000| PB 0x000000009a400000| Untracked 
| 421|0x000000009a500000, 0x000000009a500000, 0x000000009a600000|  0%| F|  |TAMS 0x000000009a500000| PB 0x000000009a500000| Untracked 
| 422|0x000000009a600000, 0x000000009a600000, 0x000000009a700000|  0%| F|  |TAMS 0x000000009a600000| PB 0x000000009a600000| Untracked 
| 423|0x000000009a700000, 0x000000009a700000, 0x000000009a800000|  0%| F|  |TAMS 0x000000009a700000| PB 0x000000009a700000| Untracked 
| 424|0x000000009a800000, 0x000000009a800000, 0x000000009a900000|  0%| F|  |TAMS 0x000000009a800000| PB 0x000000009a800000| Untracked 
| 425|0x000000009a900000, 0x000000009a900000, 0x000000009aa00000|  0%| F|  |TAMS 0x000000009a900000| PB 0x000000009a900000| Untracked 
| 426|0x000000009aa00000, 0x000000009aa00000, 0x000000009ab00000|  0%| F|  |TAMS 0x000000009aa00000| PB 0x000000009aa00000| Untracked 
| 427|0x000000009ab00000, 0x000000009ab00000, 0x000000009ac00000|  0%| F|  |TAMS 0x000000009ab00000| PB 0x000000009ab00000| Untracked 
| 428|0x000000009ac00000, 0x000000009ac00000, 0x000000009ad00000|  0%| F|  |TAMS 0x000000009ac00000| PB 0x000000009ac00000| Untracked 
| 429|0x000000009ad00000, 0x000000009ad00000, 0x000000009ae00000|  0%| F|  |TAMS 0x000000009ad00000| PB 0x000000009ad00000| Untracked 
| 430|0x000000009ae00000, 0x000000009ae00000, 0x000000009af00000|  0%| F|  |TAMS 0x000000009ae00000| PB 0x000000009ae00000| Untracked 
| 431|0x000000009af00000, 0x000000009af00000, 0x000000009b000000|  0%| F|  |TAMS 0x000000009af00000| PB 0x000000009af00000| Untracked 
| 432|0x000000009b000000, 0x000000009b000000, 0x000000009b100000|  0%| F|  |TAMS 0x000000009b000000| PB 0x000000009b000000| Untracked 
| 433|0x000000009b100000, 0x000000009b100000, 0x000000009b200000|  0%| F|  |TAMS 0x000000009b100000| PB 0x000000009b100000| Untracked 
| 434|0x000000009b200000, 0x000000009b200000, 0x000000009b300000|  0%| F|  |TAMS 0x000000009b200000| PB 0x000000009b200000| Untracked 
| 435|0x000000009b300000, 0x000000009b300000, 0x000000009b400000|  0%| F|  |TAMS 0x000000009b300000| PB 0x000000009b300000| Untracked 
| 436|0x000000009b400000, 0x000000009b400000, 0x000000009b500000|  0%| F|  |TAMS 0x000000009b400000| PB 0x000000009b400000| Untracked 
| 437|0x000000009b500000, 0x000000009b500000, 0x000000009b600000|  0%| F|  |TAMS 0x000000009b500000| PB 0x000000009b500000| Untracked 
| 438|0x000000009b600000, 0x000000009b600000, 0x000000009b700000|  0%| F|  |TAMS 0x000000009b600000| PB 0x000000009b600000| Untracked 
| 439|0x000000009b700000, 0x000000009b700000, 0x000000009b800000|  0%| F|  |TAMS 0x000000009b700000| PB 0x000000009b700000| Untracked 
| 440|0x000000009b800000, 0x000000009b800000, 0x000000009b900000|  0%| F|  |TAMS 0x000000009b800000| PB 0x000000009b800000| Untracked 
| 441|0x000000009b900000, 0x000000009b900000, 0x000000009ba00000|  0%| F|  |TAMS 0x000000009b900000| PB 0x000000009b900000| Untracked 
| 442|0x000000009ba00000, 0x000000009ba00000, 0x000000009bb00000|  0%| F|  |TAMS 0x000000009ba00000| PB 0x000000009ba00000| Untracked 
| 443|0x000000009bb00000, 0x000000009bb00000, 0x000000009bc00000|  0%| F|  |TAMS 0x000000009bb00000| PB 0x000000009bb00000| Untracked 
| 444|0x000000009bc00000, 0x000000009bc00000, 0x000000009bd00000|  0%| F|  |TAMS 0x000000009bc00000| PB 0x000000009bc00000| Untracked 
| 445|0x000000009bd00000, 0x000000009bd00000, 0x000000009be00000|  0%| F|  |TAMS 0x000000009bd00000| PB 0x000000009bd00000| Untracked 
| 446|0x000000009be00000, 0x000000009be00000, 0x000000009bf00000|  0%| F|  |TAMS 0x000000009be00000| PB 0x000000009be00000| Untracked 
| 447|0x000000009bf00000, 0x000000009bf00000, 0x000000009c000000|  0%| F|  |TAMS 0x000000009bf00000| PB 0x000000009bf00000| Untracked 
| 448|0x000000009c000000, 0x000000009c000000, 0x000000009c100000|  0%| F|  |TAMS 0x000000009c000000| PB 0x000000009c000000| Untracked 
| 449|0x000000009c100000, 0x000000009c100000, 0x000000009c200000|  0%| F|  |TAMS 0x000000009c100000| PB 0x000000009c100000| Untracked 
| 450|0x000000009c200000, 0x000000009c200000, 0x000000009c300000|  0%| F|  |TAMS 0x000000009c200000| PB 0x000000009c200000| Untracked 
| 451|0x000000009c300000, 0x000000009c300000, 0x000000009c400000|  0%| F|  |TAMS 0x000000009c300000| PB 0x000000009c300000| Untracked 
| 452|0x000000009c400000, 0x000000009c400000, 0x000000009c500000|  0%| F|  |TAMS 0x000000009c400000| PB 0x000000009c400000| Untracked 
| 453|0x000000009c500000, 0x000000009c500000, 0x000000009c600000|  0%| F|  |TAMS 0x000000009c500000| PB 0x000000009c500000| Untracked 
| 454|0x000000009c600000, 0x000000009c600000, 0x000000009c700000|  0%| F|  |TAMS 0x000000009c600000| PB 0x000000009c600000| Untracked 
| 455|0x000000009c700000, 0x000000009c700000, 0x000000009c800000|  0%| F|  |TAMS 0x000000009c700000| PB 0x000000009c700000| Untracked 
| 456|0x000000009c800000, 0x000000009c800000, 0x000000009c900000|  0%| F|  |TAMS 0x000000009c800000| PB 0x000000009c800000| Untracked 
| 457|0x000000009c900000, 0x000000009c900000, 0x000000009ca00000|  0%| F|  |TAMS 0x000000009c900000| PB 0x000000009c900000| Untracked 
| 458|0x000000009ca00000, 0x000000009ca00000, 0x000000009cb00000|  0%| F|  |TAMS 0x000000009ca00000| PB 0x000000009ca00000| Untracked 
| 459|0x000000009cb00000, 0x000000009cb00000, 0x000000009cc00000|  0%| F|  |TAMS 0x000000009cb00000| PB 0x000000009cb00000| Untracked 
| 460|0x000000009cc00000, 0x000000009cc00000, 0x000000009cd00000|  0%| F|  |TAMS 0x000000009cc00000| PB 0x000000009cc00000| Untracked 
| 461|0x000000009cd00000, 0x000000009cd00000, 0x000000009ce00000|  0%| F|  |TAMS 0x000000009cd00000| PB 0x000000009cd00000| Untracked 
| 462|0x000000009ce00000, 0x000000009ce00000, 0x000000009cf00000|  0%| F|  |TAMS 0x000000009ce00000| PB 0x000000009ce00000| Untracked 
| 463|0x000000009cf00000, 0x000000009cf00000, 0x000000009d000000|  0%| F|  |TAMS 0x000000009cf00000| PB 0x000000009cf00000| Untracked 
| 464|0x000000009d000000, 0x000000009d000000, 0x000000009d100000|  0%| F|  |TAMS 0x000000009d000000| PB 0x000000009d000000| Untracked 
| 465|0x000000009d100000, 0x000000009d100000, 0x000000009d200000|  0%| F|  |TAMS 0x000000009d100000| PB 0x000000009d100000| Untracked 
| 466|0x000000009d200000, 0x000000009d200000, 0x000000009d300000|  0%| F|  |TAMS 0x000000009d200000| PB 0x000000009d200000| Untracked 
| 467|0x000000009d300000, 0x000000009d300000, 0x000000009d400000|  0%| F|  |TAMS 0x000000009d300000| PB 0x000000009d300000| Untracked 
| 468|0x000000009d400000, 0x000000009d400000, 0x000000009d500000|  0%| F|  |TAMS 0x000000009d400000| PB 0x000000009d400000| Untracked 
| 469|0x000000009d500000, 0x000000009d500000, 0x000000009d600000|  0%| F|  |TAMS 0x000000009d500000| PB 0x000000009d500000| Untracked 
| 470|0x000000009d600000, 0x000000009d600000, 0x000000009d700000|  0%| F|  |TAMS 0x000000009d600000| PB 0x000000009d600000| Untracked 
| 471|0x000000009d700000, 0x000000009d700000, 0x000000009d800000|  0%| F|  |TAMS 0x000000009d700000| PB 0x000000009d700000| Untracked 
| 472|0x000000009d800000, 0x000000009d800000, 0x000000009d900000|  0%| F|  |TAMS 0x000000009d800000| PB 0x000000009d800000| Untracked 
| 473|0x000000009d900000, 0x000000009d900000, 0x000000009da00000|  0%| F|  |TAMS 0x000000009d900000| PB 0x000000009d900000| Untracked 
| 474|0x000000009da00000, 0x000000009da00000, 0x000000009db00000|  0%| F|  |TAMS 0x000000009da00000| PB 0x000000009da00000| Untracked 
| 475|0x000000009db00000, 0x000000009db00000, 0x000000009dc00000|  0%| F|  |TAMS 0x000000009db00000| PB 0x000000009db00000| Untracked 
| 476|0x000000009dc00000, 0x000000009dc00000, 0x000000009dd00000|  0%| F|  |TAMS 0x000000009dc00000| PB 0x000000009dc00000| Untracked 
| 477|0x000000009dd00000, 0x000000009dd00000, 0x000000009de00000|  0%| F|  |TAMS 0x000000009dd00000| PB 0x000000009dd00000| Untracked 
| 478|0x000000009de00000, 0x000000009de00000, 0x000000009df00000|  0%| F|  |TAMS 0x000000009de00000| PB 0x000000009de00000| Untracked 
| 479|0x000000009df00000, 0x000000009df00000, 0x000000009e000000|  0%| F|  |TAMS 0x000000009df00000| PB 0x000000009df00000| Untracked 
| 480|0x000000009e000000, 0x000000009e000000, 0x000000009e100000|  0%| F|  |TAMS 0x000000009e000000| PB 0x000000009e000000| Untracked 
| 481|0x000000009e100000, 0x000000009e100000, 0x000000009e200000|  0%| F|  |TAMS 0x000000009e100000| PB 0x000000009e100000| Untracked 
| 482|0x000000009e200000, 0x000000009e200000, 0x000000009e300000|  0%| F|  |TAMS 0x000000009e200000| PB 0x000000009e200000| Untracked 
| 483|0x000000009e300000, 0x000000009e300000, 0x000000009e400000|  0%| F|  |TAMS 0x000000009e300000| PB 0x000000009e300000| Untracked 
| 484|0x000000009e400000, 0x000000009e400000, 0x000000009e500000|  0%| F|  |TAMS 0x000000009e400000| PB 0x000000009e400000| Untracked 
| 485|0x000000009e500000, 0x000000009e500000, 0x000000009e600000|  0%| F|  |TAMS 0x000000009e500000| PB 0x000000009e500000| Untracked 
| 486|0x000000009e600000, 0x000000009e600000, 0x000000009e700000|  0%| F|  |TAMS 0x000000009e600000| PB 0x000000009e600000| Untracked 
| 487|0x000000009e700000, 0x000000009e700000, 0x000000009e800000|  0%| F|  |TAMS 0x000000009e700000| PB 0x000000009e700000| Untracked 
| 488|0x000000009e800000, 0x000000009e800000, 0x000000009e900000|  0%| F|  |TAMS 0x000000009e800000| PB 0x000000009e800000| Untracked 
| 489|0x000000009e900000, 0x000000009e900000, 0x000000009ea00000|  0%| F|  |TAMS 0x000000009e900000| PB 0x000000009e900000| Untracked 
| 490|0x000000009ea00000, 0x000000009ea00000, 0x000000009eb00000|  0%| F|  |TAMS 0x000000009ea00000| PB 0x000000009ea00000| Untracked 
| 491|0x000000009eb00000, 0x000000009eb00000, 0x000000009ec00000|  0%| F|  |TAMS 0x000000009eb00000| PB 0x000000009eb00000| Untracked 
| 492|0x000000009ec00000, 0x000000009ec00000, 0x000000009ed00000|  0%| F|  |TAMS 0x000000009ec00000| PB 0x000000009ec00000| Untracked 
| 493|0x000000009ed00000, 0x000000009ed00000, 0x000000009ee00000|  0%| F|  |TAMS 0x000000009ed00000| PB 0x000000009ed00000| Untracked 
| 494|0x000000009ee00000, 0x000000009ee00000, 0x000000009ef00000|  0%| F|  |TAMS 0x000000009ee00000| PB 0x000000009ee00000| Untracked 
| 495|0x000000009ef00000, 0x000000009ef00000, 0x000000009f000000|  0%| F|  |TAMS 0x000000009ef00000| PB 0x000000009ef00000| Untracked 
| 496|0x000000009f000000, 0x000000009f000000, 0x000000009f100000|  0%| F|  |TAMS 0x000000009f000000| PB 0x000000009f000000| Untracked 
| 497|0x000000009f100000, 0x000000009f100000, 0x000000009f200000|  0%| F|  |TAMS 0x000000009f100000| PB 0x000000009f100000| Untracked 
| 498|0x000000009f200000, 0x000000009f200000, 0x000000009f300000|  0%| F|  |TAMS 0x000000009f200000| PB 0x000000009f200000| Untracked 
| 499|0x000000009f300000, 0x000000009f300000, 0x000000009f400000|  0%| F|  |TAMS 0x000000009f300000| PB 0x000000009f300000| Untracked 
| 500|0x000000009f400000, 0x000000009f400000, 0x000000009f500000|  0%| F|  |TAMS 0x000000009f400000| PB 0x000000009f400000| Untracked 
| 501|0x000000009f500000, 0x000000009f500000, 0x000000009f600000|  0%| F|  |TAMS 0x000000009f500000| PB 0x000000009f500000| Untracked 
| 502|0x000000009f600000, 0x000000009f600000, 0x000000009f700000|  0%| F|  |TAMS 0x000000009f600000| PB 0x000000009f600000| Untracked 
| 503|0x000000009f700000, 0x000000009f700000, 0x000000009f800000|  0%| F|  |TAMS 0x000000009f700000| PB 0x000000009f700000| Untracked 
| 504|0x000000009f800000, 0x000000009f800000, 0x000000009f900000|  0%| F|  |TAMS 0x000000009f800000| PB 0x000000009f800000| Untracked 
| 505|0x000000009f900000, 0x000000009f900000, 0x000000009fa00000|  0%| F|  |TAMS 0x000000009f900000| PB 0x000000009f900000| Untracked 
| 506|0x000000009fa00000, 0x000000009fa00000, 0x000000009fb00000|  0%| F|  |TAMS 0x000000009fa00000| PB 0x000000009fa00000| Untracked 
| 507|0x000000009fb00000, 0x000000009fb00000, 0x000000009fc00000|  0%| F|  |TAMS 0x000000009fb00000| PB 0x000000009fb00000| Untracked 
| 508|0x000000009fc00000, 0x000000009fc00000, 0x000000009fd00000|  0%| F|  |TAMS 0x000000009fc00000| PB 0x000000009fc00000| Untracked 
| 509|0x000000009fd00000, 0x000000009fd00000, 0x000000009fe00000|  0%| F|  |TAMS 0x000000009fd00000| PB 0x000000009fd00000| Untracked 
| 510|0x000000009fe00000, 0x000000009fe00000, 0x000000009ff00000|  0%| F|  |TAMS 0x000000009fe00000| PB 0x000000009fe00000| Untracked 
| 511|0x000000009ff00000, 0x000000009ff00000, 0x00000000a0000000|  0%| F|  |TAMS 0x000000009ff00000| PB 0x000000009ff00000| Untracked 
| 512|0x00000000a0000000, 0x00000000a0000000, 0x00000000a0100000|  0%| F|  |TAMS 0x00000000a0000000| PB 0x00000000a0000000| Untracked 
| 513|0x00000000a0100000, 0x00000000a0100000, 0x00000000a0200000|  0%| F|  |TAMS 0x00000000a0100000| PB 0x00000000a0100000| Untracked 
| 514|0x00000000a0200000, 0x00000000a0200000, 0x00000000a0300000|  0%| F|  |TAMS 0x00000000a0200000| PB 0x00000000a0200000| Untracked 
| 515|0x00000000a0300000, 0x00000000a0300000, 0x00000000a0400000|  0%| F|  |TAMS 0x00000000a0300000| PB 0x00000000a0300000| Untracked 
| 516|0x00000000a0400000, 0x00000000a0400000, 0x00000000a0500000|  0%| F|  |TAMS 0x00000000a0400000| PB 0x00000000a0400000| Untracked 
| 517|0x00000000a0500000, 0x00000000a0500000, 0x00000000a0600000|  0%| F|  |TAMS 0x00000000a0500000| PB 0x00000000a0500000| Untracked 
| 518|0x00000000a0600000, 0x00000000a0600000, 0x00000000a0700000|  0%| F|  |TAMS 0x00000000a0600000| PB 0x00000000a0600000| Untracked 
| 519|0x00000000a0700000, 0x00000000a0700000, 0x00000000a0800000|  0%| F|  |TAMS 0x00000000a0700000| PB 0x00000000a0700000| Untracked 
| 520|0x00000000a0800000, 0x00000000a0800000, 0x00000000a0900000|  0%| F|  |TAMS 0x00000000a0800000| PB 0x00000000a0800000| Untracked 
| 521|0x00000000a0900000, 0x00000000a0900000, 0x00000000a0a00000|  0%| F|  |TAMS 0x00000000a0900000| PB 0x00000000a0900000| Untracked 
| 522|0x00000000a0a00000, 0x00000000a0a00000, 0x00000000a0b00000|  0%| F|  |TAMS 0x00000000a0a00000| PB 0x00000000a0a00000| Untracked 
| 523|0x00000000a0b00000, 0x00000000a0b00000, 0x00000000a0c00000|  0%| F|  |TAMS 0x00000000a0b00000| PB 0x00000000a0b00000| Untracked 
| 524|0x00000000a0c00000, 0x00000000a0c00000, 0x00000000a0d00000|  0%| F|  |TAMS 0x00000000a0c00000| PB 0x00000000a0c00000| Untracked 
| 525|0x00000000a0d00000, 0x00000000a0d00000, 0x00000000a0e00000|  0%| F|  |TAMS 0x00000000a0d00000| PB 0x00000000a0d00000| Untracked 
| 526|0x00000000a0e00000, 0x00000000a0e00000, 0x00000000a0f00000|  0%| F|  |TAMS 0x00000000a0e00000| PB 0x00000000a0e00000| Untracked 
| 527|0x00000000a0f00000, 0x00000000a0f00000, 0x00000000a1000000|  0%| F|  |TAMS 0x00000000a0f00000| PB 0x00000000a0f00000| Untracked 
| 528|0x00000000a1000000, 0x00000000a1000000, 0x00000000a1100000|  0%| F|  |TAMS 0x00000000a1000000| PB 0x00000000a1000000| Untracked 
| 529|0x00000000a1100000, 0x00000000a1100000, 0x00000000a1200000|  0%| F|  |TAMS 0x00000000a1100000| PB 0x00000000a1100000| Untracked 
| 530|0x00000000a1200000, 0x00000000a1200000, 0x00000000a1300000|  0%| F|  |TAMS 0x00000000a1200000| PB 0x00000000a1200000| Untracked 
| 531|0x00000000a1300000, 0x00000000a1300000, 0x00000000a1400000|  0%| F|  |TAMS 0x00000000a1300000| PB 0x00000000a1300000| Untracked 
| 532|0x00000000a1400000, 0x00000000a1400000, 0x00000000a1500000|  0%| F|  |TAMS 0x00000000a1400000| PB 0x00000000a1400000| Untracked 
| 533|0x00000000a1500000, 0x00000000a1500000, 0x00000000a1600000|  0%| F|  |TAMS 0x00000000a1500000| PB 0x00000000a1500000| Untracked 
| 534|0x00000000a1600000, 0x00000000a1600000, 0x00000000a1700000|  0%| F|  |TAMS 0x00000000a1600000| PB 0x00000000a1600000| Untracked 
| 535|0x00000000a1700000, 0x00000000a1700000, 0x00000000a1800000|  0%| F|  |TAMS 0x00000000a1700000| PB 0x00000000a1700000| Untracked 
| 536|0x00000000a1800000, 0x00000000a1800000, 0x00000000a1900000|  0%| F|  |TAMS 0x00000000a1800000| PB 0x00000000a1800000| Untracked 
| 537|0x00000000a1900000, 0x00000000a1900000, 0x00000000a1a00000|  0%| F|  |TAMS 0x00000000a1900000| PB 0x00000000a1900000| Untracked 
| 538|0x00000000a1a00000, 0x00000000a1a00000, 0x00000000a1b00000|  0%| F|  |TAMS 0x00000000a1a00000| PB 0x00000000a1a00000| Untracked 
| 539|0x00000000a1b00000, 0x00000000a1b00000, 0x00000000a1c00000|  0%| F|  |TAMS 0x00000000a1b00000| PB 0x00000000a1b00000| Untracked 
| 540|0x00000000a1c00000, 0x00000000a1c00000, 0x00000000a1d00000|  0%| F|  |TAMS 0x00000000a1c00000| PB 0x00000000a1c00000| Untracked 
| 541|0x00000000a1d00000, 0x00000000a1d00000, 0x00000000a1e00000|  0%| F|  |TAMS 0x00000000a1d00000| PB 0x00000000a1d00000| Untracked 
| 542|0x00000000a1e00000, 0x00000000a1e00000, 0x00000000a1f00000|  0%| F|  |TAMS 0x00000000a1e00000| PB 0x00000000a1e00000| Untracked 
| 543|0x00000000a1f00000, 0x00000000a1f00000, 0x00000000a2000000|  0%| F|  |TAMS 0x00000000a1f00000| PB 0x00000000a1f00000| Untracked 
| 544|0x00000000a2000000, 0x00000000a2000000, 0x00000000a2100000|  0%| F|  |TAMS 0x00000000a2000000| PB 0x00000000a2000000| Untracked 
| 545|0x00000000a2100000, 0x00000000a2100000, 0x00000000a2200000|  0%| F|  |TAMS 0x00000000a2100000| PB 0x00000000a2100000| Untracked 
| 546|0x00000000a2200000, 0x00000000a2200000, 0x00000000a2300000|  0%| F|  |TAMS 0x00000000a2200000| PB 0x00000000a2200000| Untracked 
| 547|0x00000000a2300000, 0x00000000a2300000, 0x00000000a2400000|  0%| F|  |TAMS 0x00000000a2300000| PB 0x00000000a2300000| Untracked 
| 548|0x00000000a2400000, 0x00000000a2400000, 0x00000000a2500000|  0%| F|  |TAMS 0x00000000a2400000| PB 0x00000000a2400000| Untracked 
| 549|0x00000000a2500000, 0x00000000a2500000, 0x00000000a2600000|  0%| F|  |TAMS 0x00000000a2500000| PB 0x00000000a2500000| Untracked 
| 550|0x00000000a2600000, 0x00000000a2600000, 0x00000000a2700000|  0%| F|  |TAMS 0x00000000a2600000| PB 0x00000000a2600000| Untracked 
| 551|0x00000000a2700000, 0x00000000a2700000, 0x00000000a2800000|  0%| F|  |TAMS 0x00000000a2700000| PB 0x00000000a2700000| Untracked 
| 552|0x00000000a2800000, 0x00000000a2800000, 0x00000000a2900000|  0%| F|  |TAMS 0x00000000a2800000| PB 0x00000000a2800000| Untracked 
| 553|0x00000000a2900000, 0x00000000a2900000, 0x00000000a2a00000|  0%| F|  |TAMS 0x00000000a2900000| PB 0x00000000a2900000| Untracked 
| 554|0x00000000a2a00000, 0x00000000a2a00000, 0x00000000a2b00000|  0%| F|  |TAMS 0x00000000a2a00000| PB 0x00000000a2a00000| Untracked 
| 555|0x00000000a2b00000, 0x00000000a2b00000, 0x00000000a2c00000|  0%| F|  |TAMS 0x00000000a2b00000| PB 0x00000000a2b00000| Untracked 
| 556|0x00000000a2c00000, 0x00000000a2c00000, 0x00000000a2d00000|  0%| F|  |TAMS 0x00000000a2c00000| PB 0x00000000a2c00000| Untracked 
| 557|0x00000000a2d00000, 0x00000000a2d00000, 0x00000000a2e00000|  0%| F|  |TAMS 0x00000000a2d00000| PB 0x00000000a2d00000| Untracked 
| 558|0x00000000a2e00000, 0x00000000a2e00000, 0x00000000a2f00000|  0%| F|  |TAMS 0x00000000a2e00000| PB 0x00000000a2e00000| Untracked 
| 559|0x00000000a2f00000, 0x00000000a2f00000, 0x00000000a3000000|  0%| F|  |TAMS 0x00000000a2f00000| PB 0x00000000a2f00000| Untracked 
| 560|0x00000000a3000000, 0x00000000a3000000, 0x00000000a3100000|  0%| F|  |TAMS 0x00000000a3000000| PB 0x00000000a3000000| Untracked 
| 561|0x00000000a3100000, 0x00000000a3100000, 0x00000000a3200000|  0%| F|  |TAMS 0x00000000a3100000| PB 0x00000000a3100000| Untracked 
| 562|0x00000000a3200000, 0x00000000a3200000, 0x00000000a3300000|  0%| F|  |TAMS 0x00000000a3200000| PB 0x00000000a3200000| Untracked 
| 563|0x00000000a3300000, 0x00000000a3300000, 0x00000000a3400000|  0%| F|  |TAMS 0x00000000a3300000| PB 0x00000000a3300000| Untracked 
| 564|0x00000000a3400000, 0x00000000a3400000, 0x00000000a3500000|  0%| F|  |TAMS 0x00000000a3400000| PB 0x00000000a3400000| Untracked 
| 565|0x00000000a3500000, 0x00000000a3500000, 0x00000000a3600000|  0%| F|  |TAMS 0x00000000a3500000| PB 0x00000000a3500000| Untracked 
| 566|0x00000000a3600000, 0x00000000a3600000, 0x00000000a3700000|  0%| F|  |TAMS 0x00000000a3600000| PB 0x00000000a3600000| Untracked 
| 567|0x00000000a3700000, 0x00000000a3700000, 0x00000000a3800000|  0%| F|  |TAMS 0x00000000a3700000| PB 0x00000000a3700000| Untracked 
| 568|0x00000000a3800000, 0x00000000a3800000, 0x00000000a3900000|  0%| F|  |TAMS 0x00000000a3800000| PB 0x00000000a3800000| Untracked 
| 569|0x00000000a3900000, 0x00000000a3900000, 0x00000000a3a00000|  0%| F|  |TAMS 0x00000000a3900000| PB 0x00000000a3900000| Untracked 
| 570|0x00000000a3a00000, 0x00000000a3a00000, 0x00000000a3b00000|  0%| F|  |TAMS 0x00000000a3a00000| PB 0x00000000a3a00000| Untracked 
| 571|0x00000000a3b00000, 0x00000000a3b00000, 0x00000000a3c00000|  0%| F|  |TAMS 0x00000000a3b00000| PB 0x00000000a3b00000| Untracked 
| 572|0x00000000a3c00000, 0x00000000a3c00000, 0x00000000a3d00000|  0%| F|  |TAMS 0x00000000a3c00000| PB 0x00000000a3c00000| Untracked 
| 573|0x00000000a3d00000, 0x00000000a3d00000, 0x00000000a3e00000|  0%| F|  |TAMS 0x00000000a3d00000| PB 0x00000000a3d00000| Untracked 
| 574|0x00000000a3e00000, 0x00000000a3e00000, 0x00000000a3f00000|  0%| F|  |TAMS 0x00000000a3e00000| PB 0x00000000a3e00000| Untracked 
| 575|0x00000000a3f00000, 0x00000000a3f00000, 0x00000000a4000000|  0%| F|  |TAMS 0x00000000a3f00000| PB 0x00000000a3f00000| Untracked 
| 576|0x00000000a4000000, 0x00000000a4000000, 0x00000000a4100000|  0%| F|  |TAMS 0x00000000a4000000| PB 0x00000000a4000000| Untracked 
| 577|0x00000000a4100000, 0x00000000a4100000, 0x00000000a4200000|  0%| F|  |TAMS 0x00000000a4100000| PB 0x00000000a4100000| Untracked 
| 578|0x00000000a4200000, 0x00000000a4200000, 0x00000000a4300000|  0%| F|  |TAMS 0x00000000a4200000| PB 0x00000000a4200000| Untracked 
| 579|0x00000000a4300000, 0x00000000a4300000, 0x00000000a4400000|  0%| F|  |TAMS 0x00000000a4300000| PB 0x00000000a4300000| Untracked 
| 580|0x00000000a4400000, 0x00000000a4400000, 0x00000000a4500000|  0%| F|  |TAMS 0x00000000a4400000| PB 0x00000000a4400000| Untracked 
| 581|0x00000000a4500000, 0x00000000a4500000, 0x00000000a4600000|  0%| F|  |TAMS 0x00000000a4500000| PB 0x00000000a4500000| Untracked 
| 582|0x00000000a4600000, 0x00000000a4600000, 0x00000000a4700000|  0%| F|  |TAMS 0x00000000a4600000| PB 0x00000000a4600000| Untracked 
| 583|0x00000000a4700000, 0x00000000a4700000, 0x00000000a4800000|  0%| F|  |TAMS 0x00000000a4700000| PB 0x00000000a4700000| Untracked 
| 584|0x00000000a4800000, 0x00000000a4800000, 0x00000000a4900000|  0%| F|  |TAMS 0x00000000a4800000| PB 0x00000000a4800000| Untracked 
| 585|0x00000000a4900000, 0x00000000a4900000, 0x00000000a4a00000|  0%| F|  |TAMS 0x00000000a4900000| PB 0x00000000a4900000| Untracked 
| 586|0x00000000a4a00000, 0x00000000a4a00000, 0x00000000a4b00000|  0%| F|  |TAMS 0x00000000a4a00000| PB 0x00000000a4a00000| Untracked 
| 587|0x00000000a4b00000, 0x00000000a4b00000, 0x00000000a4c00000|  0%| F|  |TAMS 0x00000000a4b00000| PB 0x00000000a4b00000| Untracked 
| 588|0x00000000a4c00000, 0x00000000a4d00000, 0x00000000a4d00000|100%| S|CS|TAMS 0x00000000a4c00000| PB 0x00000000a4c00000| Complete 
| 589|0x00000000a4d00000, 0x00000000a4e00000, 0x00000000a4e00000|100%| S|CS|TAMS 0x00000000a4d00000| PB 0x00000000a4d00000| Complete 
| 590|0x00000000a4e00000, 0x00000000a4f00000, 0x00000000a4f00000|100%| S|CS|TAMS 0x00000000a4e00000| PB 0x00000000a4e00000| Complete 
| 591|0x00000000a4f00000, 0x00000000a5000000, 0x00000000a5000000|100%| S|CS|TAMS 0x00000000a4f00000| PB 0x00000000a4f00000| Complete 
| 592|0x00000000a5000000, 0x00000000a5100000, 0x00000000a5100000|100%| S|CS|TAMS 0x00000000a5000000| PB 0x00000000a5000000| Complete 
| 593|0x00000000a5100000, 0x00000000a5200000, 0x00000000a5200000|100%| S|CS|TAMS 0x00000000a5100000| PB 0x00000000a5100000| Complete 
| 594|0x00000000a5200000, 0x00000000a5300000, 0x00000000a5300000|100%| S|CS|TAMS 0x00000000a5200000| PB 0x00000000a5200000| Complete 
| 595|0x00000000a5300000, 0x00000000a5400000, 0x00000000a5400000|100%| S|CS|TAMS 0x00000000a5300000| PB 0x00000000a5300000| Complete 
| 596|0x00000000a5400000, 0x00000000a5500000, 0x00000000a5500000|100%| S|CS|TAMS 0x00000000a5400000| PB 0x00000000a5400000| Complete 
| 597|0x00000000a5500000, 0x00000000a5600000, 0x00000000a5600000|100%| S|CS|TAMS 0x00000000a5500000| PB 0x00000000a5500000| Complete 
| 598|0x00000000a5600000, 0x00000000a5700000, 0x00000000a5700000|100%| S|CS|TAMS 0x00000000a5600000| PB 0x00000000a5600000| Complete 
| 599|0x00000000a5700000, 0x00000000a5800000, 0x00000000a5800000|100%| S|CS|TAMS 0x00000000a5700000| PB 0x00000000a5700000| Complete 
| 600|0x00000000a5800000, 0x00000000a5900000, 0x00000000a5900000|100%| S|CS|TAMS 0x00000000a5800000| PB 0x00000000a5800000| Complete 
| 601|0x00000000a5900000, 0x00000000a5a00000, 0x00000000a5a00000|100%| S|CS|TAMS 0x00000000a5900000| PB 0x00000000a5900000| Complete 
| 602|0x00000000a5a00000, 0x00000000a5b00000, 0x00000000a5b00000|100%| S|CS|TAMS 0x00000000a5a00000| PB 0x00000000a5a00000| Complete 
| 603|0x00000000a5b00000, 0x00000000a5c00000, 0x00000000a5c00000|100%| S|CS|TAMS 0x00000000a5b00000| PB 0x00000000a5b00000| Complete 
| 604|0x00000000a5c00000, 0x00000000a5d00000, 0x00000000a5d00000|100%| S|CS|TAMS 0x00000000a5c00000| PB 0x00000000a5c00000| Complete 
| 605|0x00000000a5d00000, 0x00000000a5e00000, 0x00000000a5e00000|100%| S|CS|TAMS 0x00000000a5d00000| PB 0x00000000a5d00000| Complete 
| 606|0x00000000a5e00000, 0x00000000a5f00000, 0x00000000a5f00000|100%| S|CS|TAMS 0x00000000a5e00000| PB 0x00000000a5e00000| Complete 
| 607|0x00000000a5f00000, 0x00000000a6000000, 0x00000000a6000000|100%| S|CS|TAMS 0x00000000a5f00000| PB 0x00000000a5f00000| Complete 
| 608|0x00000000a6000000, 0x00000000a6100000, 0x00000000a6100000|100%| S|CS|TAMS 0x00000000a6000000| PB 0x00000000a6000000| Complete 
| 609|0x00000000a6100000, 0x00000000a6200000, 0x00000000a6200000|100%| S|CS|TAMS 0x00000000a6100000| PB 0x00000000a6100000| Complete 
| 610|0x00000000a6200000, 0x00000000a6300000, 0x00000000a6300000|100%| S|CS|TAMS 0x00000000a6200000| PB 0x00000000a6200000| Complete 
| 611|0x00000000a6300000, 0x00000000a6400000, 0x00000000a6400000|100%| S|CS|TAMS 0x00000000a6300000| PB 0x00000000a6300000| Complete 
| 612|0x00000000a6400000, 0x00000000a6500000, 0x00000000a6500000|100%| S|CS|TAMS 0x00000000a6400000| PB 0x00000000a6400000| Complete 
| 613|0x00000000a6500000, 0x00000000a6600000, 0x00000000a6600000|100%| S|CS|TAMS 0x00000000a6500000| PB 0x00000000a6500000| Complete 
| 614|0x00000000a6600000, 0x00000000a6700000, 0x00000000a6700000|100%| S|CS|TAMS 0x00000000a6600000| PB 0x00000000a6600000| Complete 
| 615|0x00000000a6700000, 0x00000000a6800000, 0x00000000a6800000|100%| S|CS|TAMS 0x00000000a6700000| PB 0x00000000a6700000| Complete 
| 616|0x00000000a6800000, 0x00000000a6900000, 0x00000000a6900000|100%| S|CS|TAMS 0x00000000a6800000| PB 0x00000000a6800000| Complete 
| 617|0x00000000a6900000, 0x00000000a6900000, 0x00000000a6a00000|  0%| F|  |TAMS 0x00000000a6900000| PB 0x00000000a6900000| Untracked 
| 618|0x00000000a6a00000, 0x00000000a6a00000, 0x00000000a6b00000|  0%| F|  |TAMS 0x00000000a6a00000| PB 0x00000000a6a00000| Untracked 
| 619|0x00000000a6b00000, 0x00000000a6b00000, 0x00000000a6c00000|  0%| F|  |TAMS 0x00000000a6b00000| PB 0x00000000a6b00000| Untracked 
| 620|0x00000000a6c00000, 0x00000000a6c00000, 0x00000000a6d00000|  0%| F|  |TAMS 0x00000000a6c00000| PB 0x00000000a6c00000| Untracked 
| 621|0x00000000a6d00000, 0x00000000a6d00000, 0x00000000a6e00000|  0%| F|  |TAMS 0x00000000a6d00000| PB 0x00000000a6d00000| Untracked 
| 622|0x00000000a6e00000, 0x00000000a6e00000, 0x00000000a6f00000|  0%| F|  |TAMS 0x00000000a6e00000| PB 0x00000000a6e00000| Untracked 
| 623|0x00000000a6f00000, 0x00000000a6f00000, 0x00000000a7000000|  0%| F|  |TAMS 0x00000000a6f00000| PB 0x00000000a6f00000| Untracked 
| 624|0x00000000a7000000, 0x00000000a7000000, 0x00000000a7100000|  0%| F|  |TAMS 0x00000000a7000000| PB 0x00000000a7000000| Untracked 
| 625|0x00000000a7100000, 0x00000000a7100000, 0x00000000a7200000|  0%| F|  |TAMS 0x00000000a7100000| PB 0x00000000a7100000| Untracked 
| 626|0x00000000a7200000, 0x00000000a7200000, 0x00000000a7300000|  0%| F|  |TAMS 0x00000000a7200000| PB 0x00000000a7200000| Untracked 
| 627|0x00000000a7300000, 0x00000000a7300000, 0x00000000a7400000|  0%| F|  |TAMS 0x00000000a7300000| PB 0x00000000a7300000| Untracked 
| 628|0x00000000a7400000, 0x00000000a7400000, 0x00000000a7500000|  0%| F|  |TAMS 0x00000000a7400000| PB 0x00000000a7400000| Untracked 
| 629|0x00000000a7500000, 0x00000000a7500000, 0x00000000a7600000|  0%| F|  |TAMS 0x00000000a7500000| PB 0x00000000a7500000| Untracked 
| 630|0x00000000a7600000, 0x00000000a7600000, 0x00000000a7700000|  0%| F|  |TAMS 0x00000000a7600000| PB 0x00000000a7600000| Untracked 
| 631|0x00000000a7700000, 0x00000000a7700000, 0x00000000a7800000|  0%| F|  |TAMS 0x00000000a7700000| PB 0x00000000a7700000| Untracked 
| 632|0x00000000a7800000, 0x00000000a7800000, 0x00000000a7900000|  0%| F|  |TAMS 0x00000000a7800000| PB 0x00000000a7800000| Untracked 
| 633|0x00000000a7900000, 0x00000000a7900000, 0x00000000a7a00000|  0%| F|  |TAMS 0x00000000a7900000| PB 0x00000000a7900000| Untracked 
| 634|0x00000000a7a00000, 0x00000000a7a00000, 0x00000000a7b00000|  0%| F|  |TAMS 0x00000000a7a00000| PB 0x00000000a7a00000| Untracked 
| 635|0x00000000a7b00000, 0x00000000a7b00000, 0x00000000a7c00000|  0%| F|  |TAMS 0x00000000a7b00000| PB 0x00000000a7b00000| Untracked 
| 636|0x00000000a7c00000, 0x00000000a7c00000, 0x00000000a7d00000|  0%| F|  |TAMS 0x00000000a7c00000| PB 0x00000000a7c00000| Untracked 
| 637|0x00000000a7d00000, 0x00000000a7d00000, 0x00000000a7e00000|  0%| F|  |TAMS 0x00000000a7d00000| PB 0x00000000a7d00000| Untracked 
| 638|0x00000000a7e00000, 0x00000000a7e00000, 0x00000000a7f00000|  0%| F|  |TAMS 0x00000000a7e00000| PB 0x00000000a7e00000| Untracked 
| 639|0x00000000a7f00000, 0x00000000a7f00000, 0x00000000a8000000|  0%| F|  |TAMS 0x00000000a7f00000| PB 0x00000000a7f00000| Untracked 
| 640|0x00000000a8000000, 0x00000000a8000000, 0x00000000a8100000|  0%| F|  |TAMS 0x00000000a8000000| PB 0x00000000a8000000| Untracked 
| 641|0x00000000a8100000, 0x00000000a8100000, 0x00000000a8200000|  0%| F|  |TAMS 0x00000000a8100000| PB 0x00000000a8100000| Untracked 
| 642|0x00000000a8200000, 0x00000000a8200000, 0x00000000a8300000|  0%| F|  |TAMS 0x00000000a8200000| PB 0x00000000a8200000| Untracked 
| 643|0x00000000a8300000, 0x00000000a8300000, 0x00000000a8400000|  0%| F|  |TAMS 0x00000000a8300000| PB 0x00000000a8300000| Untracked 
| 644|0x00000000a8400000, 0x00000000a8400000, 0x00000000a8500000|  0%| F|  |TAMS 0x00000000a8400000| PB 0x00000000a8400000| Untracked 
| 645|0x00000000a8500000, 0x00000000a8500000, 0x00000000a8600000|  0%| F|  |TAMS 0x00000000a8500000| PB 0x00000000a8500000| Untracked 
| 646|0x00000000a8600000, 0x00000000a8600000, 0x00000000a8700000|  0%| F|  |TAMS 0x00000000a8600000| PB 0x00000000a8600000| Untracked 
| 647|0x00000000a8700000, 0x00000000a8700000, 0x00000000a8800000|  0%| F|  |TAMS 0x00000000a8700000| PB 0x00000000a8700000| Untracked 
| 648|0x00000000a8800000, 0x00000000a8800000, 0x00000000a8900000|  0%| F|  |TAMS 0x00000000a8800000| PB 0x00000000a8800000| Untracked 
| 649|0x00000000a8900000, 0x00000000a8900000, 0x00000000a8a00000|  0%| F|  |TAMS 0x00000000a8900000| PB 0x00000000a8900000| Untracked 
| 650|0x00000000a8a00000, 0x00000000a8a00000, 0x00000000a8b00000|  0%| F|  |TAMS 0x00000000a8a00000| PB 0x00000000a8a00000| Untracked 
| 651|0x00000000a8b00000, 0x00000000a8b00000, 0x00000000a8c00000|  0%| F|  |TAMS 0x00000000a8b00000| PB 0x00000000a8b00000| Untracked 
| 652|0x00000000a8c00000, 0x00000000a8c00000, 0x00000000a8d00000|  0%| F|  |TAMS 0x00000000a8c00000| PB 0x00000000a8c00000| Untracked 
| 653|0x00000000a8d00000, 0x00000000a8d00000, 0x00000000a8e00000|  0%| F|  |TAMS 0x00000000a8d00000| PB 0x00000000a8d00000| Untracked 
| 654|0x00000000a8e00000, 0x00000000a8e00000, 0x00000000a8f00000|  0%| F|  |TAMS 0x00000000a8e00000| PB 0x00000000a8e00000| Untracked 
| 655|0x00000000a8f00000, 0x00000000a8f00000, 0x00000000a9000000|  0%| F|  |TAMS 0x00000000a8f00000| PB 0x00000000a8f00000| Untracked 
| 656|0x00000000a9000000, 0x00000000a9000000, 0x00000000a9100000|  0%| F|  |TAMS 0x00000000a9000000| PB 0x00000000a9000000| Untracked 
| 657|0x00000000a9100000, 0x00000000a9100000, 0x00000000a9200000|  0%| F|  |TAMS 0x00000000a9100000| PB 0x00000000a9100000| Untracked 
| 658|0x00000000a9200000, 0x00000000a9200000, 0x00000000a9300000|  0%| F|  |TAMS 0x00000000a9200000| PB 0x00000000a9200000| Untracked 
| 659|0x00000000a9300000, 0x00000000a9300000, 0x00000000a9400000|  0%| F|  |TAMS 0x00000000a9300000| PB 0x00000000a9300000| Untracked 
| 660|0x00000000a9400000, 0x00000000a9400000, 0x00000000a9500000|  0%| F|  |TAMS 0x00000000a9400000| PB 0x00000000a9400000| Untracked 
| 661|0x00000000a9500000, 0x00000000a9500000, 0x00000000a9600000|  0%| F|  |TAMS 0x00000000a9500000| PB 0x00000000a9500000| Untracked 
| 662|0x00000000a9600000, 0x00000000a9600000, 0x00000000a9700000|  0%| F|  |TAMS 0x00000000a9600000| PB 0x00000000a9600000| Untracked 
| 663|0x00000000a9700000, 0x00000000a9700000, 0x00000000a9800000|  0%| F|  |TAMS 0x00000000a9700000| PB 0x00000000a9700000| Untracked 
| 664|0x00000000a9800000, 0x00000000a9800000, 0x00000000a9900000|  0%| F|  |TAMS 0x00000000a9800000| PB 0x00000000a9800000| Untracked 
| 665|0x00000000a9900000, 0x00000000a9900000, 0x00000000a9a00000|  0%| F|  |TAMS 0x00000000a9900000| PB 0x00000000a9900000| Untracked 
| 666|0x00000000a9a00000, 0x00000000a9a00000, 0x00000000a9b00000|  0%| F|  |TAMS 0x00000000a9a00000| PB 0x00000000a9a00000| Untracked 
| 667|0x00000000a9b00000, 0x00000000a9b00000, 0x00000000a9c00000|  0%| F|  |TAMS 0x00000000a9b00000| PB 0x00000000a9b00000| Untracked 
| 668|0x00000000a9c00000, 0x00000000a9c00000, 0x00000000a9d00000|  0%| F|  |TAMS 0x00000000a9c00000| PB 0x00000000a9c00000| Untracked 
| 669|0x00000000a9d00000, 0x00000000a9d00000, 0x00000000a9e00000|  0%| F|  |TAMS 0x00000000a9d00000| PB 0x00000000a9d00000| Untracked 
| 670|0x00000000a9e00000, 0x00000000a9e00000, 0x00000000a9f00000|  0%| F|  |TAMS 0x00000000a9e00000| PB 0x00000000a9e00000| Untracked 
| 671|0x00000000a9f00000, 0x00000000a9f00000, 0x00000000aa000000|  0%| F|  |TAMS 0x00000000a9f00000| PB 0x00000000a9f00000| Untracked 
| 672|0x00000000aa000000, 0x00000000aa000000, 0x00000000aa100000|  0%| F|  |TAMS 0x00000000aa000000| PB 0x00000000aa000000| Untracked 
| 673|0x00000000aa100000, 0x00000000aa100000, 0x00000000aa200000|  0%| F|  |TAMS 0x00000000aa100000| PB 0x00000000aa100000| Untracked 
| 674|0x00000000aa200000, 0x00000000aa200000, 0x00000000aa300000|  0%| F|  |TAMS 0x00000000aa200000| PB 0x00000000aa200000| Untracked 
| 675|0x00000000aa300000, 0x00000000aa300000, 0x00000000aa400000|  0%| F|  |TAMS 0x00000000aa300000| PB 0x00000000aa300000| Untracked 
| 676|0x00000000aa400000, 0x00000000aa400000, 0x00000000aa500000|  0%| F|  |TAMS 0x00000000aa400000| PB 0x00000000aa400000| Untracked 
| 677|0x00000000aa500000, 0x00000000aa500000, 0x00000000aa600000|  0%| F|  |TAMS 0x00000000aa500000| PB 0x00000000aa500000| Untracked 
| 678|0x00000000aa600000, 0x00000000aa600000, 0x00000000aa700000|  0%| F|  |TAMS 0x00000000aa600000| PB 0x00000000aa600000| Untracked 
| 679|0x00000000aa700000, 0x00000000aa700000, 0x00000000aa800000|  0%| F|  |TAMS 0x00000000aa700000| PB 0x00000000aa700000| Untracked 
| 680|0x00000000aa800000, 0x00000000aa800000, 0x00000000aa900000|  0%| F|  |TAMS 0x00000000aa800000| PB 0x00000000aa800000| Untracked 
| 681|0x00000000aa900000, 0x00000000aa900000, 0x00000000aaa00000|  0%| F|  |TAMS 0x00000000aa900000| PB 0x00000000aa900000| Untracked 
| 682|0x00000000aaa00000, 0x00000000aaa00000, 0x00000000aab00000|  0%| F|  |TAMS 0x00000000aaa00000| PB 0x00000000aaa00000| Untracked 
| 683|0x00000000aab00000, 0x00000000aab00000, 0x00000000aac00000|  0%| F|  |TAMS 0x00000000aab00000| PB 0x00000000aab00000| Untracked 
| 684|0x00000000aac00000, 0x00000000aac00000, 0x00000000aad00000|  0%| F|  |TAMS 0x00000000aac00000| PB 0x00000000aac00000| Untracked 
| 685|0x00000000aad00000, 0x00000000aad00000, 0x00000000aae00000|  0%| F|  |TAMS 0x00000000aad00000| PB 0x00000000aad00000| Untracked 
| 686|0x00000000aae00000, 0x00000000aae00000, 0x00000000aaf00000|  0%| F|  |TAMS 0x00000000aae00000| PB 0x00000000aae00000| Untracked 
| 687|0x00000000aaf00000, 0x00000000aaf00000, 0x00000000ab000000|  0%| F|  |TAMS 0x00000000aaf00000| PB 0x00000000aaf00000| Untracked 
| 688|0x00000000ab000000, 0x00000000ab000000, 0x00000000ab100000|  0%| F|  |TAMS 0x00000000ab000000| PB 0x00000000ab000000| Untracked 
| 689|0x00000000ab100000, 0x00000000ab100000, 0x00000000ab200000|  0%| F|  |TAMS 0x00000000ab100000| PB 0x00000000ab100000| Untracked 
| 690|0x00000000ab200000, 0x00000000ab200000, 0x00000000ab300000|  0%| F|  |TAMS 0x00000000ab200000| PB 0x00000000ab200000| Untracked 
| 691|0x00000000ab300000, 0x00000000ab300000, 0x00000000ab400000|  0%| F|  |TAMS 0x00000000ab300000| PB 0x00000000ab300000| Untracked 
| 692|0x00000000ab400000, 0x00000000ab400000, 0x00000000ab500000|  0%| F|  |TAMS 0x00000000ab400000| PB 0x00000000ab400000| Untracked 
| 693|0x00000000ab500000, 0x00000000ab500000, 0x00000000ab600000|  0%| F|  |TAMS 0x00000000ab500000| PB 0x00000000ab500000| Untracked 
| 694|0x00000000ab600000, 0x00000000ab600000, 0x00000000ab700000|  0%| F|  |TAMS 0x00000000ab600000| PB 0x00000000ab600000| Untracked 
| 695|0x00000000ab700000, 0x00000000ab700000, 0x00000000ab800000|  0%| F|  |TAMS 0x00000000ab700000| PB 0x00000000ab700000| Untracked 
| 696|0x00000000ab800000, 0x00000000ab800000, 0x00000000ab900000|  0%| F|  |TAMS 0x00000000ab800000| PB 0x00000000ab800000| Untracked 
| 697|0x00000000ab900000, 0x00000000ab900000, 0x00000000aba00000|  0%| F|  |TAMS 0x00000000ab900000| PB 0x00000000ab900000| Untracked 
| 698|0x00000000aba00000, 0x00000000aba00000, 0x00000000abb00000|  0%| F|  |TAMS 0x00000000aba00000| PB 0x00000000aba00000| Untracked 
| 699|0x00000000abb00000, 0x00000000abb00000, 0x00000000abc00000|  0%| F|  |TAMS 0x00000000abb00000| PB 0x00000000abb00000| Untracked 
| 700|0x00000000abc00000, 0x00000000abc00000, 0x00000000abd00000|  0%| F|  |TAMS 0x00000000abc00000| PB 0x00000000abc00000| Untracked 
| 701|0x00000000abd00000, 0x00000000abd00000, 0x00000000abe00000|  0%| F|  |TAMS 0x00000000abd00000| PB 0x00000000abd00000| Untracked 
| 702|0x00000000abe00000, 0x00000000abe00000, 0x00000000abf00000|  0%| F|  |TAMS 0x00000000abe00000| PB 0x00000000abe00000| Untracked 
| 703|0x00000000abf00000, 0x00000000abf00000, 0x00000000ac000000|  0%| F|  |TAMS 0x00000000abf00000| PB 0x00000000abf00000| Untracked 
| 704|0x00000000ac000000, 0x00000000ac000000, 0x00000000ac100000|  0%| F|  |TAMS 0x00000000ac000000| PB 0x00000000ac000000| Untracked 
| 705|0x00000000ac100000, 0x00000000ac100000, 0x00000000ac200000|  0%| F|  |TAMS 0x00000000ac100000| PB 0x00000000ac100000| Untracked 
| 706|0x00000000ac200000, 0x00000000ac200000, 0x00000000ac300000|  0%| F|  |TAMS 0x00000000ac200000| PB 0x00000000ac200000| Untracked 
| 707|0x00000000ac300000, 0x00000000ac300000, 0x00000000ac400000|  0%| F|  |TAMS 0x00000000ac300000| PB 0x00000000ac300000| Untracked 
| 708|0x00000000ac400000, 0x00000000ac400000, 0x00000000ac500000|  0%| F|  |TAMS 0x00000000ac400000| PB 0x00000000ac400000| Untracked 
| 709|0x00000000ac500000, 0x00000000ac500000, 0x00000000ac600000|  0%| F|  |TAMS 0x00000000ac500000| PB 0x00000000ac500000| Untracked 
| 710|0x00000000ac600000, 0x00000000ac600000, 0x00000000ac700000|  0%| F|  |TAMS 0x00000000ac600000| PB 0x00000000ac600000| Untracked 
| 711|0x00000000ac700000, 0x00000000ac700000, 0x00000000ac800000|  0%| F|  |TAMS 0x00000000ac700000| PB 0x00000000ac700000| Untracked 
| 712|0x00000000ac800000, 0x00000000ac800000, 0x00000000ac900000|  0%| F|  |TAMS 0x00000000ac800000| PB 0x00000000ac800000| Untracked 
| 713|0x00000000ac900000, 0x00000000ac900000, 0x00000000aca00000|  0%| F|  |TAMS 0x00000000ac900000| PB 0x00000000ac900000| Untracked 
| 714|0x00000000aca00000, 0x00000000aca00000, 0x00000000acb00000|  0%| F|  |TAMS 0x00000000aca00000| PB 0x00000000aca00000| Untracked 
| 715|0x00000000acb00000, 0x00000000acb00000, 0x00000000acc00000|  0%| F|  |TAMS 0x00000000acb00000| PB 0x00000000acb00000| Untracked 
| 716|0x00000000acc00000, 0x00000000acc00000, 0x00000000acd00000|  0%| F|  |TAMS 0x00000000acc00000| PB 0x00000000acc00000| Untracked 
| 717|0x00000000acd00000, 0x00000000acd00000, 0x00000000ace00000|  0%| F|  |TAMS 0x00000000acd00000| PB 0x00000000acd00000| Untracked 
| 718|0x00000000ace00000, 0x00000000ace00000, 0x00000000acf00000|  0%| F|  |TAMS 0x00000000ace00000| PB 0x00000000ace00000| Untracked 
| 719|0x00000000acf00000, 0x00000000acf00000, 0x00000000ad000000|  0%| F|  |TAMS 0x00000000acf00000| PB 0x00000000acf00000| Untracked 
| 720|0x00000000ad000000, 0x00000000ad000000, 0x00000000ad100000|  0%| F|  |TAMS 0x00000000ad000000| PB 0x00000000ad000000| Untracked 
| 721|0x00000000ad100000, 0x00000000ad100000, 0x00000000ad200000|  0%| F|  |TAMS 0x00000000ad100000| PB 0x00000000ad100000| Untracked 
| 722|0x00000000ad200000, 0x00000000ad200000, 0x00000000ad300000|  0%| F|  |TAMS 0x00000000ad200000| PB 0x00000000ad200000| Untracked 
| 723|0x00000000ad300000, 0x00000000ad300000, 0x00000000ad400000|  0%| F|  |TAMS 0x00000000ad300000| PB 0x00000000ad300000| Untracked 
| 724|0x00000000ad400000, 0x00000000ad400000, 0x00000000ad500000|  0%| F|  |TAMS 0x00000000ad400000| PB 0x00000000ad400000| Untracked 
| 725|0x00000000ad500000, 0x00000000ad500000, 0x00000000ad600000|  0%| F|  |TAMS 0x00000000ad500000| PB 0x00000000ad500000| Untracked 
| 726|0x00000000ad600000, 0x00000000ad600000, 0x00000000ad700000|  0%| F|  |TAMS 0x00000000ad600000| PB 0x00000000ad600000| Untracked 
| 727|0x00000000ad700000, 0x00000000ad700000, 0x00000000ad800000|  0%| F|  |TAMS 0x00000000ad700000| PB 0x00000000ad700000| Untracked 
| 728|0x00000000ad800000, 0x00000000ad800000, 0x00000000ad900000|  0%| F|  |TAMS 0x00000000ad800000| PB 0x00000000ad800000| Untracked 
| 729|0x00000000ad900000, 0x00000000ad900000, 0x00000000ada00000|  0%| F|  |TAMS 0x00000000ad900000| PB 0x00000000ad900000| Untracked 
| 730|0x00000000ada00000, 0x00000000ada00000, 0x00000000adb00000|  0%| F|  |TAMS 0x00000000ada00000| PB 0x00000000ada00000| Untracked 
| 731|0x00000000adb00000, 0x00000000adb00000, 0x00000000adc00000|  0%| F|  |TAMS 0x00000000adb00000| PB 0x00000000adb00000| Untracked 
| 732|0x00000000adc00000, 0x00000000adc00000, 0x00000000add00000|  0%| F|  |TAMS 0x00000000adc00000| PB 0x00000000adc00000| Untracked 
| 733|0x00000000add00000, 0x00000000add00000, 0x00000000ade00000|  0%| F|  |TAMS 0x00000000add00000| PB 0x00000000add00000| Untracked 
| 734|0x00000000ade00000, 0x00000000ade00000, 0x00000000adf00000|  0%| F|  |TAMS 0x00000000ade00000| PB 0x00000000ade00000| Untracked 
| 735|0x00000000adf00000, 0x00000000adf00000, 0x00000000ae000000|  0%| F|  |TAMS 0x00000000adf00000| PB 0x00000000adf00000| Untracked 
| 736|0x00000000ae000000, 0x00000000ae000000, 0x00000000ae100000|  0%| F|  |TAMS 0x00000000ae000000| PB 0x00000000ae000000| Untracked 
| 737|0x00000000ae100000, 0x00000000ae100000, 0x00000000ae200000|  0%| F|  |TAMS 0x00000000ae100000| PB 0x00000000ae100000| Untracked 
| 738|0x00000000ae200000, 0x00000000ae200000, 0x00000000ae300000|  0%| F|  |TAMS 0x00000000ae200000| PB 0x00000000ae200000| Untracked 
| 739|0x00000000ae300000, 0x00000000ae300000, 0x00000000ae400000|  0%| F|  |TAMS 0x00000000ae300000| PB 0x00000000ae300000| Untracked 
| 740|0x00000000ae400000, 0x00000000ae400000, 0x00000000ae500000|  0%| F|  |TAMS 0x00000000ae400000| PB 0x00000000ae400000| Untracked 
| 741|0x00000000ae500000, 0x00000000ae500000, 0x00000000ae600000|  0%| F|  |TAMS 0x00000000ae500000| PB 0x00000000ae500000| Untracked 
| 742|0x00000000ae600000, 0x00000000ae600000, 0x00000000ae700000|  0%| F|  |TAMS 0x00000000ae600000| PB 0x00000000ae600000| Untracked 
| 743|0x00000000ae700000, 0x00000000ae700000, 0x00000000ae800000|  0%| F|  |TAMS 0x00000000ae700000| PB 0x00000000ae700000| Untracked 
| 744|0x00000000ae800000, 0x00000000ae800000, 0x00000000ae900000|  0%| F|  |TAMS 0x00000000ae800000| PB 0x00000000ae800000| Untracked 
| 745|0x00000000ae900000, 0x00000000ae900000, 0x00000000aea00000|  0%| F|  |TAMS 0x00000000ae900000| PB 0x00000000ae900000| Untracked 
| 746|0x00000000aea00000, 0x00000000aea00000, 0x00000000aeb00000|  0%| F|  |TAMS 0x00000000aea00000| PB 0x00000000aea00000| Untracked 
| 747|0x00000000aeb00000, 0x00000000aeb00000, 0x00000000aec00000|  0%| F|  |TAMS 0x00000000aeb00000| PB 0x00000000aeb00000| Untracked 
| 748|0x00000000aec00000, 0x00000000aec00000, 0x00000000aed00000|  0%| F|  |TAMS 0x00000000aec00000| PB 0x00000000aec00000| Untracked 
| 749|0x00000000aed00000, 0x00000000aed00000, 0x00000000aee00000|  0%| F|  |TAMS 0x00000000aed00000| PB 0x00000000aed00000| Untracked 
| 750|0x00000000aee00000, 0x00000000aee00000, 0x00000000aef00000|  0%| F|  |TAMS 0x00000000aee00000| PB 0x00000000aee00000| Untracked 
| 751|0x00000000aef00000, 0x00000000aef00000, 0x00000000af000000|  0%| F|  |TAMS 0x00000000aef00000| PB 0x00000000aef00000| Untracked 
| 752|0x00000000af000000, 0x00000000af000000, 0x00000000af100000|  0%| F|  |TAMS 0x00000000af000000| PB 0x00000000af000000| Untracked 
| 753|0x00000000af100000, 0x00000000af100000, 0x00000000af200000|  0%| F|  |TAMS 0x00000000af100000| PB 0x00000000af100000| Untracked 
| 754|0x00000000af200000, 0x00000000af200000, 0x00000000af300000|  0%| F|  |TAMS 0x00000000af200000| PB 0x00000000af200000| Untracked 
| 755|0x00000000af300000, 0x00000000af300000, 0x00000000af400000|  0%| F|  |TAMS 0x00000000af300000| PB 0x00000000af300000| Untracked 
| 756|0x00000000af400000, 0x00000000af400000, 0x00000000af500000|  0%| F|  |TAMS 0x00000000af400000| PB 0x00000000af400000| Untracked 
| 757|0x00000000af500000, 0x00000000af500000, 0x00000000af600000|  0%| F|  |TAMS 0x00000000af500000| PB 0x00000000af500000| Untracked 
| 758|0x00000000af600000, 0x00000000af600000, 0x00000000af700000|  0%| F|  |TAMS 0x00000000af600000| PB 0x00000000af600000| Untracked 
| 759|0x00000000af700000, 0x00000000af700000, 0x00000000af800000|  0%| F|  |TAMS 0x00000000af700000| PB 0x00000000af700000| Untracked 
| 760|0x00000000af800000, 0x00000000af800000, 0x00000000af900000|  0%| F|  |TAMS 0x00000000af800000| PB 0x00000000af800000| Untracked 
| 761|0x00000000af900000, 0x00000000af900000, 0x00000000afa00000|  0%| F|  |TAMS 0x00000000af900000| PB 0x00000000af900000| Untracked 
| 762|0x00000000afa00000, 0x00000000afa00000, 0x00000000afb00000|  0%| F|  |TAMS 0x00000000afa00000| PB 0x00000000afa00000| Untracked 
| 763|0x00000000afb00000, 0x00000000afb00000, 0x00000000afc00000|  0%| F|  |TAMS 0x00000000afb00000| PB 0x00000000afb00000| Untracked 
| 764|0x00000000afc00000, 0x00000000afc00000, 0x00000000afd00000|  0%| F|  |TAMS 0x00000000afc00000| PB 0x00000000afc00000| Untracked 
| 765|0x00000000afd00000, 0x00000000afd00000, 0x00000000afe00000|  0%| F|  |TAMS 0x00000000afd00000| PB 0x00000000afd00000| Untracked 
| 766|0x00000000afe00000, 0x00000000afe00000, 0x00000000aff00000|  0%| F|  |TAMS 0x00000000afe00000| PB 0x00000000afe00000| Untracked 
| 767|0x00000000aff00000, 0x00000000aff00000, 0x00000000b0000000|  0%| F|  |TAMS 0x00000000aff00000| PB 0x00000000aff00000| Untracked 
| 768|0x00000000b0000000, 0x00000000b0000000, 0x00000000b0100000|  0%| F|  |TAMS 0x00000000b0000000| PB 0x00000000b0000000| Untracked 
| 769|0x00000000b0100000, 0x00000000b0100000, 0x00000000b0200000|  0%| F|  |TAMS 0x00000000b0100000| PB 0x00000000b0100000| Untracked 
| 770|0x00000000b0200000, 0x00000000b0200000, 0x00000000b0300000|  0%| F|  |TAMS 0x00000000b0200000| PB 0x00000000b0200000| Untracked 
| 771|0x00000000b0300000, 0x00000000b0300000, 0x00000000b0400000|  0%| F|  |TAMS 0x00000000b0300000| PB 0x00000000b0300000| Untracked 
| 772|0x00000000b0400000, 0x00000000b0400000, 0x00000000b0500000|  0%| F|  |TAMS 0x00000000b0400000| PB 0x00000000b0400000| Untracked 
| 773|0x00000000b0500000, 0x00000000b0500000, 0x00000000b0600000|  0%| F|  |TAMS 0x00000000b0500000| PB 0x00000000b0500000| Untracked 
| 774|0x00000000b0600000, 0x00000000b0600000, 0x00000000b0700000|  0%| F|  |TAMS 0x00000000b0600000| PB 0x00000000b0600000| Untracked 
| 775|0x00000000b0700000, 0x00000000b0700000, 0x00000000b0800000|  0%| F|  |TAMS 0x00000000b0700000| PB 0x00000000b0700000| Untracked 
| 776|0x00000000b0800000, 0x00000000b0800000, 0x00000000b0900000|  0%| F|  |TAMS 0x00000000b0800000| PB 0x00000000b0800000| Untracked 
| 777|0x00000000b0900000, 0x00000000b0900000, 0x00000000b0a00000|  0%| F|  |TAMS 0x00000000b0900000| PB 0x00000000b0900000| Untracked 
| 778|0x00000000b0a00000, 0x00000000b0a00000, 0x00000000b0b00000|  0%| F|  |TAMS 0x00000000b0a00000| PB 0x00000000b0a00000| Untracked 
| 779|0x00000000b0b00000, 0x00000000b0b00000, 0x00000000b0c00000|  0%| F|  |TAMS 0x00000000b0b00000| PB 0x00000000b0b00000| Untracked 
| 780|0x00000000b0c00000, 0x00000000b0c00000, 0x00000000b0d00000|  0%| F|  |TAMS 0x00000000b0c00000| PB 0x00000000b0c00000| Untracked 
| 781|0x00000000b0d00000, 0x00000000b0d00000, 0x00000000b0e00000|  0%| F|  |TAMS 0x00000000b0d00000| PB 0x00000000b0d00000| Untracked 
| 782|0x00000000b0e00000, 0x00000000b0e00000, 0x00000000b0f00000|  0%| F|  |TAMS 0x00000000b0e00000| PB 0x00000000b0e00000| Untracked 
| 783|0x00000000b0f00000, 0x00000000b0f00000, 0x00000000b1000000|  0%| F|  |TAMS 0x00000000b0f00000| PB 0x00000000b0f00000| Untracked 
| 784|0x00000000b1000000, 0x00000000b1000000, 0x00000000b1100000|  0%| F|  |TAMS 0x00000000b1000000| PB 0x00000000b1000000| Untracked 
| 785|0x00000000b1100000, 0x00000000b1100000, 0x00000000b1200000|  0%| F|  |TAMS 0x00000000b1100000| PB 0x00000000b1100000| Untracked 
| 786|0x00000000b1200000, 0x00000000b1200000, 0x00000000b1300000|  0%| F|  |TAMS 0x00000000b1200000| PB 0x00000000b1200000| Untracked 
| 787|0x00000000b1300000, 0x00000000b1300000, 0x00000000b1400000|  0%| F|  |TAMS 0x00000000b1300000| PB 0x00000000b1300000| Untracked 
| 788|0x00000000b1400000, 0x00000000b1400000, 0x00000000b1500000|  0%| F|  |TAMS 0x00000000b1400000| PB 0x00000000b1400000| Untracked 
| 789|0x00000000b1500000, 0x00000000b1500000, 0x00000000b1600000|  0%| F|  |TAMS 0x00000000b1500000| PB 0x00000000b1500000| Untracked 
| 790|0x00000000b1600000, 0x00000000b1600000, 0x00000000b1700000|  0%| F|  |TAMS 0x00000000b1600000| PB 0x00000000b1600000| Untracked 
| 791|0x00000000b1700000, 0x00000000b1700000, 0x00000000b1800000|  0%| F|  |TAMS 0x00000000b1700000| PB 0x00000000b1700000| Untracked 
| 792|0x00000000b1800000, 0x00000000b1800000, 0x00000000b1900000|  0%| F|  |TAMS 0x00000000b1800000| PB 0x00000000b1800000| Untracked 
| 793|0x00000000b1900000, 0x00000000b1900000, 0x00000000b1a00000|  0%| F|  |TAMS 0x00000000b1900000| PB 0x00000000b1900000| Untracked 
| 794|0x00000000b1a00000, 0x00000000b1a00000, 0x00000000b1b00000|  0%| F|  |TAMS 0x00000000b1a00000| PB 0x00000000b1a00000| Untracked 
| 795|0x00000000b1b00000, 0x00000000b1b00000, 0x00000000b1c00000|  0%| F|  |TAMS 0x00000000b1b00000| PB 0x00000000b1b00000| Untracked 
| 796|0x00000000b1c00000, 0x00000000b1c00000, 0x00000000b1d00000|  0%| F|  |TAMS 0x00000000b1c00000| PB 0x00000000b1c00000| Untracked 
| 797|0x00000000b1d00000, 0x00000000b1d00000, 0x00000000b1e00000|  0%| F|  |TAMS 0x00000000b1d00000| PB 0x00000000b1d00000| Untracked 
| 798|0x00000000b1e00000, 0x00000000b1e00000, 0x00000000b1f00000|  0%| F|  |TAMS 0x00000000b1e00000| PB 0x00000000b1e00000| Untracked 
| 799|0x00000000b1f00000, 0x00000000b1f00000, 0x00000000b2000000|  0%| F|  |TAMS 0x00000000b1f00000| PB 0x00000000b1f00000| Untracked 
| 800|0x00000000b2000000, 0x00000000b2000000, 0x00000000b2100000|  0%| F|  |TAMS 0x00000000b2000000| PB 0x00000000b2000000| Untracked 
| 801|0x00000000b2100000, 0x00000000b2100000, 0x00000000b2200000|  0%| F|  |TAMS 0x00000000b2100000| PB 0x00000000b2100000| Untracked 
| 802|0x00000000b2200000, 0x00000000b2200000, 0x00000000b2300000|  0%| F|  |TAMS 0x00000000b2200000| PB 0x00000000b2200000| Untracked 
| 803|0x00000000b2300000, 0x00000000b2300000, 0x00000000b2400000|  0%| F|  |TAMS 0x00000000b2300000| PB 0x00000000b2300000| Untracked 
| 804|0x00000000b2400000, 0x00000000b2400000, 0x00000000b2500000|  0%| F|  |TAMS 0x00000000b2400000| PB 0x00000000b2400000| Untracked 
| 805|0x00000000b2500000, 0x00000000b2500000, 0x00000000b2600000|  0%| F|  |TAMS 0x00000000b2500000| PB 0x00000000b2500000| Untracked 
| 806|0x00000000b2600000, 0x00000000b2600000, 0x00000000b2700000|  0%| F|  |TAMS 0x00000000b2600000| PB 0x00000000b2600000| Untracked 
| 807|0x00000000b2700000, 0x00000000b2700000, 0x00000000b2800000|  0%| F|  |TAMS 0x00000000b2700000| PB 0x00000000b2700000| Untracked 
| 808|0x00000000b2800000, 0x00000000b2800000, 0x00000000b2900000|  0%| F|  |TAMS 0x00000000b2800000| PB 0x00000000b2800000| Untracked 
| 809|0x00000000b2900000, 0x00000000b2900000, 0x00000000b2a00000|  0%| F|  |TAMS 0x00000000b2900000| PB 0x00000000b2900000| Untracked 
| 810|0x00000000b2a00000, 0x00000000b2a00000, 0x00000000b2b00000|  0%| F|  |TAMS 0x00000000b2a00000| PB 0x00000000b2a00000| Untracked 
| 811|0x00000000b2b00000, 0x00000000b2b00000, 0x00000000b2c00000|  0%| F|  |TAMS 0x00000000b2b00000| PB 0x00000000b2b00000| Untracked 
| 812|0x00000000b2c00000, 0x00000000b2c00000, 0x00000000b2d00000|  0%| F|  |TAMS 0x00000000b2c00000| PB 0x00000000b2c00000| Untracked 
| 813|0x00000000b2d00000, 0x00000000b2d00000, 0x00000000b2e00000|  0%| F|  |TAMS 0x00000000b2d00000| PB 0x00000000b2d00000| Untracked 
| 814|0x00000000b2e00000, 0x00000000b2e00000, 0x00000000b2f00000|  0%| F|  |TAMS 0x00000000b2e00000| PB 0x00000000b2e00000| Untracked 
| 815|0x00000000b2f00000, 0x00000000b2f00000, 0x00000000b3000000|  0%| F|  |TAMS 0x00000000b2f00000| PB 0x00000000b2f00000| Untracked 
| 816|0x00000000b3000000, 0x00000000b3000000, 0x00000000b3100000|  0%| F|  |TAMS 0x00000000b3000000| PB 0x00000000b3000000| Untracked 
| 817|0x00000000b3100000, 0x00000000b3100000, 0x00000000b3200000|  0%| F|  |TAMS 0x00000000b3100000| PB 0x00000000b3100000| Untracked 
| 818|0x00000000b3200000, 0x00000000b3200000, 0x00000000b3300000|  0%| F|  |TAMS 0x00000000b3200000| PB 0x00000000b3200000| Untracked 
| 819|0x00000000b3300000, 0x00000000b3300000, 0x00000000b3400000|  0%| F|  |TAMS 0x00000000b3300000| PB 0x00000000b3300000| Untracked 
| 820|0x00000000b3400000, 0x00000000b3400000, 0x00000000b3500000|  0%| F|  |TAMS 0x00000000b3400000| PB 0x00000000b3400000| Untracked 
| 821|0x00000000b3500000, 0x00000000b3500000, 0x00000000b3600000|  0%| F|  |TAMS 0x00000000b3500000| PB 0x00000000b3500000| Untracked 
| 822|0x00000000b3600000, 0x00000000b3600000, 0x00000000b3700000|  0%| F|  |TAMS 0x00000000b3600000| PB 0x00000000b3600000| Untracked 
| 823|0x00000000b3700000, 0x00000000b3700000, 0x00000000b3800000|  0%| F|  |TAMS 0x00000000b3700000| PB 0x00000000b3700000| Untracked 
| 824|0x00000000b3800000, 0x00000000b3800000, 0x00000000b3900000|  0%| F|  |TAMS 0x00000000b3800000| PB 0x00000000b3800000| Untracked 
| 825|0x00000000b3900000, 0x00000000b3900000, 0x00000000b3a00000|  0%| F|  |TAMS 0x00000000b3900000| PB 0x00000000b3900000| Untracked 
| 826|0x00000000b3a00000, 0x00000000b3a00000, 0x00000000b3b00000|  0%| F|  |TAMS 0x00000000b3a00000| PB 0x00000000b3a00000| Untracked 
| 827|0x00000000b3b00000, 0x00000000b3b00000, 0x00000000b3c00000|  0%| F|  |TAMS 0x00000000b3b00000| PB 0x00000000b3b00000| Untracked 
| 828|0x00000000b3c00000, 0x00000000b3c00000, 0x00000000b3d00000|  0%| F|  |TAMS 0x00000000b3c00000| PB 0x00000000b3c00000| Untracked 
| 829|0x00000000b3d00000, 0x00000000b3d00000, 0x00000000b3e00000|  0%| F|  |TAMS 0x00000000b3d00000| PB 0x00000000b3d00000| Untracked 
| 830|0x00000000b3e00000, 0x00000000b3e00000, 0x00000000b3f00000|  0%| F|  |TAMS 0x00000000b3e00000| PB 0x00000000b3e00000| Untracked 
| 831|0x00000000b3f00000, 0x00000000b3f00000, 0x00000000b4000000|  0%| F|  |TAMS 0x00000000b3f00000| PB 0x00000000b3f00000| Untracked 
| 832|0x00000000b4000000, 0x00000000b4000000, 0x00000000b4100000|  0%| F|  |TAMS 0x00000000b4000000| PB 0x00000000b4000000| Untracked 
| 833|0x00000000b4100000, 0x00000000b4100000, 0x00000000b4200000|  0%| F|  |TAMS 0x00000000b4100000| PB 0x00000000b4100000| Untracked 
| 834|0x00000000b4200000, 0x00000000b4200000, 0x00000000b4300000|  0%| F|  |TAMS 0x00000000b4200000| PB 0x00000000b4200000| Untracked 
| 835|0x00000000b4300000, 0x00000000b4300000, 0x00000000b4400000|  0%| F|  |TAMS 0x00000000b4300000| PB 0x00000000b4300000| Untracked 
| 836|0x00000000b4400000, 0x00000000b4400000, 0x00000000b4500000|  0%| F|  |TAMS 0x00000000b4400000| PB 0x00000000b4400000| Untracked 
| 837|0x00000000b4500000, 0x00000000b4500000, 0x00000000b4600000|  0%| F|  |TAMS 0x00000000b4500000| PB 0x00000000b4500000| Untracked 
| 838|0x00000000b4600000, 0x00000000b4600000, 0x00000000b4700000|  0%| F|  |TAMS 0x00000000b4600000| PB 0x00000000b4600000| Untracked 
| 839|0x00000000b4700000, 0x00000000b4700000, 0x00000000b4800000|  0%| F|  |TAMS 0x00000000b4700000| PB 0x00000000b4700000| Untracked 
| 840|0x00000000b4800000, 0x00000000b4800000, 0x00000000b4900000|  0%| F|  |TAMS 0x00000000b4800000| PB 0x00000000b4800000| Untracked 
| 841|0x00000000b4900000, 0x00000000b4900000, 0x00000000b4a00000|  0%| F|  |TAMS 0x00000000b4900000| PB 0x00000000b4900000| Untracked 
| 842|0x00000000b4a00000, 0x00000000b4a00000, 0x00000000b4b00000|  0%| F|  |TAMS 0x00000000b4a00000| PB 0x00000000b4a00000| Untracked 
| 843|0x00000000b4b00000, 0x00000000b4b00000, 0x00000000b4c00000|  0%| F|  |TAMS 0x00000000b4b00000| PB 0x00000000b4b00000| Untracked 
| 844|0x00000000b4c00000, 0x00000000b4c00000, 0x00000000b4d00000|  0%| F|  |TAMS 0x00000000b4c00000| PB 0x00000000b4c00000| Untracked 
| 845|0x00000000b4d00000, 0x00000000b4d00000, 0x00000000b4e00000|  0%| F|  |TAMS 0x00000000b4d00000| PB 0x00000000b4d00000| Untracked 
| 846|0x00000000b4e00000, 0x00000000b4e00000, 0x00000000b4f00000|  0%| F|  |TAMS 0x00000000b4e00000| PB 0x00000000b4e00000| Untracked 
| 847|0x00000000b4f00000, 0x00000000b4f00000, 0x00000000b5000000|  0%| F|  |TAMS 0x00000000b4f00000| PB 0x00000000b4f00000| Untracked 
| 848|0x00000000b5000000, 0x00000000b5000000, 0x00000000b5100000|  0%| F|  |TAMS 0x00000000b5000000| PB 0x00000000b5000000| Untracked 
| 849|0x00000000b5100000, 0x00000000b5100000, 0x00000000b5200000|  0%| F|  |TAMS 0x00000000b5100000| PB 0x00000000b5100000| Untracked 
| 850|0x00000000b5200000, 0x00000000b5200000, 0x00000000b5300000|  0%| F|  |TAMS 0x00000000b5200000| PB 0x00000000b5200000| Untracked 
| 851|0x00000000b5300000, 0x00000000b5300000, 0x00000000b5400000|  0%| F|  |TAMS 0x00000000b5300000| PB 0x00000000b5300000| Untracked 
| 852|0x00000000b5400000, 0x00000000b5400000, 0x00000000b5500000|  0%| F|  |TAMS 0x00000000b5400000| PB 0x00000000b5400000| Untracked 
| 853|0x00000000b5500000, 0x00000000b5500000, 0x00000000b5600000|  0%| F|  |TAMS 0x00000000b5500000| PB 0x00000000b5500000| Untracked 
| 854|0x00000000b5600000, 0x00000000b5600000, 0x00000000b5700000|  0%| F|  |TAMS 0x00000000b5600000| PB 0x00000000b5600000| Untracked 
| 855|0x00000000b5700000, 0x00000000b5700000, 0x00000000b5800000|  0%| F|  |TAMS 0x00000000b5700000| PB 0x00000000b5700000| Untracked 
| 856|0x00000000b5800000, 0x00000000b5800000, 0x00000000b5900000|  0%| F|  |TAMS 0x00000000b5800000| PB 0x00000000b5800000| Untracked 
| 857|0x00000000b5900000, 0x00000000b5900000, 0x00000000b5a00000|  0%| F|  |TAMS 0x00000000b5900000| PB 0x00000000b5900000| Untracked 
| 858|0x00000000b5a00000, 0x00000000b5a00000, 0x00000000b5b00000|  0%| F|  |TAMS 0x00000000b5a00000| PB 0x00000000b5a00000| Untracked 
| 859|0x00000000b5b00000, 0x00000000b5b00000, 0x00000000b5c00000|  0%| F|  |TAMS 0x00000000b5b00000| PB 0x00000000b5b00000| Untracked 
| 860|0x00000000b5c00000, 0x00000000b5c00000, 0x00000000b5d00000|  0%| F|  |TAMS 0x00000000b5c00000| PB 0x00000000b5c00000| Untracked 
| 861|0x00000000b5d00000, 0x00000000b5d00000, 0x00000000b5e00000|  0%| F|  |TAMS 0x00000000b5d00000| PB 0x00000000b5d00000| Untracked 
| 862|0x00000000b5e00000, 0x00000000b5e00000, 0x00000000b5f00000|  0%| F|  |TAMS 0x00000000b5e00000| PB 0x00000000b5e00000| Untracked 
| 863|0x00000000b5f00000, 0x00000000b5f00000, 0x00000000b6000000|  0%| F|  |TAMS 0x00000000b5f00000| PB 0x00000000b5f00000| Untracked 
| 864|0x00000000b6000000, 0x00000000b6000000, 0x00000000b6100000|  0%| F|  |TAMS 0x00000000b6000000| PB 0x00000000b6000000| Untracked 
| 865|0x00000000b6100000, 0x00000000b6100000, 0x00000000b6200000|  0%| F|  |TAMS 0x00000000b6100000| PB 0x00000000b6100000| Untracked 
| 866|0x00000000b6200000, 0x00000000b6200000, 0x00000000b6300000|  0%| F|  |TAMS 0x00000000b6200000| PB 0x00000000b6200000| Untracked 
| 867|0x00000000b6300000, 0x00000000b6300000, 0x00000000b6400000|  0%| F|  |TAMS 0x00000000b6300000| PB 0x00000000b6300000| Untracked 
| 868|0x00000000b6400000, 0x00000000b6400000, 0x00000000b6500000|  0%| F|  |TAMS 0x00000000b6400000| PB 0x00000000b6400000| Untracked 
| 869|0x00000000b6500000, 0x00000000b6500000, 0x00000000b6600000|  0%| F|  |TAMS 0x00000000b6500000| PB 0x00000000b6500000| Untracked 
| 870|0x00000000b6600000, 0x00000000b6600000, 0x00000000b6700000|  0%| F|  |TAMS 0x00000000b6600000| PB 0x00000000b6600000| Untracked 
| 871|0x00000000b6700000, 0x00000000b6700000, 0x00000000b6800000|  0%| F|  |TAMS 0x00000000b6700000| PB 0x00000000b6700000| Untracked 
| 872|0x00000000b6800000, 0x00000000b6800000, 0x00000000b6900000|  0%| F|  |TAMS 0x00000000b6800000| PB 0x00000000b6800000| Untracked 
| 873|0x00000000b6900000, 0x00000000b6900000, 0x00000000b6a00000|  0%| F|  |TAMS 0x00000000b6900000| PB 0x00000000b6900000| Untracked 
| 874|0x00000000b6a00000, 0x00000000b6a00000, 0x00000000b6b00000|  0%| F|  |TAMS 0x00000000b6a00000| PB 0x00000000b6a00000| Untracked 
| 875|0x00000000b6b00000, 0x00000000b6b00000, 0x00000000b6c00000|  0%| F|  |TAMS 0x00000000b6b00000| PB 0x00000000b6b00000| Untracked 
| 876|0x00000000b6c00000, 0x00000000b6c00000, 0x00000000b6d00000|  0%| F|  |TAMS 0x00000000b6c00000| PB 0x00000000b6c00000| Untracked 
| 877|0x00000000b6d00000, 0x00000000b6d00000, 0x00000000b6e00000|  0%| F|  |TAMS 0x00000000b6d00000| PB 0x00000000b6d00000| Untracked 
| 878|0x00000000b6e00000, 0x00000000b6e00000, 0x00000000b6f00000|  0%| F|  |TAMS 0x00000000b6e00000| PB 0x00000000b6e00000| Untracked 
| 879|0x00000000b6f00000, 0x00000000b6f00000, 0x00000000b7000000|  0%| F|  |TAMS 0x00000000b6f00000| PB 0x00000000b6f00000| Untracked 
| 880|0x00000000b7000000, 0x00000000b7000000, 0x00000000b7100000|  0%| F|  |TAMS 0x00000000b7000000| PB 0x00000000b7000000| Untracked 
| 881|0x00000000b7100000, 0x00000000b7100000, 0x00000000b7200000|  0%| F|  |TAMS 0x00000000b7100000| PB 0x00000000b7100000| Untracked 
| 882|0x00000000b7200000, 0x00000000b7200000, 0x00000000b7300000|  0%| F|  |TAMS 0x00000000b7200000| PB 0x00000000b7200000| Untracked 
| 883|0x00000000b7300000, 0x00000000b7300000, 0x00000000b7400000|  0%| F|  |TAMS 0x00000000b7300000| PB 0x00000000b7300000| Untracked 
| 884|0x00000000b7400000, 0x00000000b7400000, 0x00000000b7500000|  0%| F|  |TAMS 0x00000000b7400000| PB 0x00000000b7400000| Untracked 
| 885|0x00000000b7500000, 0x00000000b7500000, 0x00000000b7600000|  0%| F|  |TAMS 0x00000000b7500000| PB 0x00000000b7500000| Untracked 
| 886|0x00000000b7600000, 0x00000000b7600000, 0x00000000b7700000|  0%| F|  |TAMS 0x00000000b7600000| PB 0x00000000b7600000| Untracked 
| 887|0x00000000b7700000, 0x00000000b7700000, 0x00000000b7800000|  0%| F|  |TAMS 0x00000000b7700000| PB 0x00000000b7700000| Untracked 
| 888|0x00000000b7800000, 0x00000000b7800000, 0x00000000b7900000|  0%| F|  |TAMS 0x00000000b7800000| PB 0x00000000b7800000| Untracked 
| 889|0x00000000b7900000, 0x00000000b7900000, 0x00000000b7a00000|  0%| F|  |TAMS 0x00000000b7900000| PB 0x00000000b7900000| Untracked 
| 890|0x00000000b7a00000, 0x00000000b7a00000, 0x00000000b7b00000|  0%| F|  |TAMS 0x00000000b7a00000| PB 0x00000000b7a00000| Untracked 
| 891|0x00000000b7b00000, 0x00000000b7b00000, 0x00000000b7c00000|  0%| F|  |TAMS 0x00000000b7b00000| PB 0x00000000b7b00000| Untracked 
| 892|0x00000000b7c00000, 0x00000000b7c00000, 0x00000000b7d00000|  0%| F|  |TAMS 0x00000000b7c00000| PB 0x00000000b7c00000| Untracked 
| 893|0x00000000b7d00000, 0x00000000b7d00000, 0x00000000b7e00000|  0%| F|  |TAMS 0x00000000b7d00000| PB 0x00000000b7d00000| Untracked 
| 894|0x00000000b7e00000, 0x00000000b7e00000, 0x00000000b7f00000|  0%| F|  |TAMS 0x00000000b7e00000| PB 0x00000000b7e00000| Untracked 
| 895|0x00000000b7f00000, 0x00000000b7f00000, 0x00000000b8000000|  0%| F|  |TAMS 0x00000000b7f00000| PB 0x00000000b7f00000| Untracked 
| 896|0x00000000b8000000, 0x00000000b8000000, 0x00000000b8100000|  0%| F|  |TAMS 0x00000000b8000000| PB 0x00000000b8000000| Untracked 
| 897|0x00000000b8100000, 0x00000000b8100000, 0x00000000b8200000|  0%| F|  |TAMS 0x00000000b8100000| PB 0x00000000b8100000| Untracked 
| 898|0x00000000b8200000, 0x00000000b8200000, 0x00000000b8300000|  0%| F|  |TAMS 0x00000000b8200000| PB 0x00000000b8200000| Untracked 
| 899|0x00000000b8300000, 0x00000000b8300000, 0x00000000b8400000|  0%| F|  |TAMS 0x00000000b8300000| PB 0x00000000b8300000| Untracked 
| 900|0x00000000b8400000, 0x00000000b8400000, 0x00000000b8500000|  0%| F|  |TAMS 0x00000000b8400000| PB 0x00000000b8400000| Untracked 
| 901|0x00000000b8500000, 0x00000000b8500000, 0x00000000b8600000|  0%| F|  |TAMS 0x00000000b8500000| PB 0x00000000b8500000| Untracked 
| 902|0x00000000b8600000, 0x00000000b8600000, 0x00000000b8700000|  0%| F|  |TAMS 0x00000000b8600000| PB 0x00000000b8600000| Untracked 
| 903|0x00000000b8700000, 0x00000000b8700000, 0x00000000b8800000|  0%| F|  |TAMS 0x00000000b8700000| PB 0x00000000b8700000| Untracked 
| 904|0x00000000b8800000, 0x00000000b8800000, 0x00000000b8900000|  0%| F|  |TAMS 0x00000000b8800000| PB 0x00000000b8800000| Untracked 
| 905|0x00000000b8900000, 0x00000000b8900000, 0x00000000b8a00000|  0%| F|  |TAMS 0x00000000b8900000| PB 0x00000000b8900000| Untracked 
| 906|0x00000000b8a00000, 0x00000000b8a00000, 0x00000000b8b00000|  0%| F|  |TAMS 0x00000000b8a00000| PB 0x00000000b8a00000| Untracked 
| 907|0x00000000b8b00000, 0x00000000b8b00000, 0x00000000b8c00000|  0%| F|  |TAMS 0x00000000b8b00000| PB 0x00000000b8b00000| Untracked 
| 908|0x00000000b8c00000, 0x00000000b8c00000, 0x00000000b8d00000|  0%| F|  |TAMS 0x00000000b8c00000| PB 0x00000000b8c00000| Untracked 
| 909|0x00000000b8d00000, 0x00000000b8d00000, 0x00000000b8e00000|  0%| F|  |TAMS 0x00000000b8d00000| PB 0x00000000b8d00000| Untracked 
| 910|0x00000000b8e00000, 0x00000000b8e00000, 0x00000000b8f00000|  0%| F|  |TAMS 0x00000000b8e00000| PB 0x00000000b8e00000| Untracked 
| 911|0x00000000b8f00000, 0x00000000b8f00000, 0x00000000b9000000|  0%| F|  |TAMS 0x00000000b8f00000| PB 0x00000000b8f00000| Untracked 
| 912|0x00000000b9000000, 0x00000000b9000000, 0x00000000b9100000|  0%| F|  |TAMS 0x00000000b9000000| PB 0x00000000b9000000| Untracked 
| 913|0x00000000b9100000, 0x00000000b9100000, 0x00000000b9200000|  0%| F|  |TAMS 0x00000000b9100000| PB 0x00000000b9100000| Untracked 
| 914|0x00000000b9200000, 0x00000000b9200000, 0x00000000b9300000|  0%| F|  |TAMS 0x00000000b9200000| PB 0x00000000b9200000| Untracked 
| 915|0x00000000b9300000, 0x00000000b9300000, 0x00000000b9400000|  0%| F|  |TAMS 0x00000000b9300000| PB 0x00000000b9300000| Untracked 
| 916|0x00000000b9400000, 0x00000000b9400000, 0x00000000b9500000|  0%| F|  |TAMS 0x00000000b9400000| PB 0x00000000b9400000| Untracked 
| 917|0x00000000b9500000, 0x00000000b9500000, 0x00000000b9600000|  0%| F|  |TAMS 0x00000000b9500000| PB 0x00000000b9500000| Untracked 
| 918|0x00000000b9600000, 0x00000000b9600000, 0x00000000b9700000|  0%| F|  |TAMS 0x00000000b9600000| PB 0x00000000b9600000| Untracked 
| 919|0x00000000b9700000, 0x00000000b9700000, 0x00000000b9800000|  0%| F|  |TAMS 0x00000000b9700000| PB 0x00000000b9700000| Untracked 
| 920|0x00000000b9800000, 0x00000000b9800000, 0x00000000b9900000|  0%| F|  |TAMS 0x00000000b9800000| PB 0x00000000b9800000| Untracked 
| 921|0x00000000b9900000, 0x00000000b9900000, 0x00000000b9a00000|  0%| F|  |TAMS 0x00000000b9900000| PB 0x00000000b9900000| Untracked 
| 922|0x00000000b9a00000, 0x00000000b9a00000, 0x00000000b9b00000|  0%| F|  |TAMS 0x00000000b9a00000| PB 0x00000000b9a00000| Untracked 
| 923|0x00000000b9b00000, 0x00000000b9b00000, 0x00000000b9c00000|  0%| F|  |TAMS 0x00000000b9b00000| PB 0x00000000b9b00000| Untracked 
| 924|0x00000000b9c00000, 0x00000000b9c00000, 0x00000000b9d00000|  0%| F|  |TAMS 0x00000000b9c00000| PB 0x00000000b9c00000| Untracked 
| 925|0x00000000b9d00000, 0x00000000b9d00000, 0x00000000b9e00000|  0%| F|  |TAMS 0x00000000b9d00000| PB 0x00000000b9d00000| Untracked 
| 926|0x00000000b9e00000, 0x00000000b9e00000, 0x00000000b9f00000|  0%| F|  |TAMS 0x00000000b9e00000| PB 0x00000000b9e00000| Untracked 
| 927|0x00000000b9f00000, 0x00000000b9f00000, 0x00000000ba000000|  0%| F|  |TAMS 0x00000000b9f00000| PB 0x00000000b9f00000| Untracked 
| 928|0x00000000ba000000, 0x00000000ba000000, 0x00000000ba100000|  0%| F|  |TAMS 0x00000000ba000000| PB 0x00000000ba000000| Untracked 
| 929|0x00000000ba100000, 0x00000000ba100000, 0x00000000ba200000|  0%| F|  |TAMS 0x00000000ba100000| PB 0x00000000ba100000| Untracked 
| 930|0x00000000ba200000, 0x00000000ba200000, 0x00000000ba300000|  0%| F|  |TAMS 0x00000000ba200000| PB 0x00000000ba200000| Untracked 
| 931|0x00000000ba300000, 0x00000000ba300000, 0x00000000ba400000|  0%| F|  |TAMS 0x00000000ba300000| PB 0x00000000ba300000| Untracked 
| 932|0x00000000ba400000, 0x00000000ba400000, 0x00000000ba500000|  0%| F|  |TAMS 0x00000000ba400000| PB 0x00000000ba400000| Untracked 
| 933|0x00000000ba500000, 0x00000000ba500000, 0x00000000ba600000|  0%| F|  |TAMS 0x00000000ba500000| PB 0x00000000ba500000| Untracked 
| 934|0x00000000ba600000, 0x00000000ba600000, 0x00000000ba700000|  0%| F|  |TAMS 0x00000000ba600000| PB 0x00000000ba600000| Untracked 
| 935|0x00000000ba700000, 0x00000000ba700000, 0x00000000ba800000|  0%| F|  |TAMS 0x00000000ba700000| PB 0x00000000ba700000| Untracked 
| 936|0x00000000ba800000, 0x00000000ba800000, 0x00000000ba900000|  0%| F|  |TAMS 0x00000000ba800000| PB 0x00000000ba800000| Untracked 
| 937|0x00000000ba900000, 0x00000000ba900000, 0x00000000baa00000|  0%| F|  |TAMS 0x00000000ba900000| PB 0x00000000ba900000| Untracked 
| 938|0x00000000baa00000, 0x00000000baa00000, 0x00000000bab00000|  0%| F|  |TAMS 0x00000000baa00000| PB 0x00000000baa00000| Untracked 
| 939|0x00000000bab00000, 0x00000000bab00000, 0x00000000bac00000|  0%| F|  |TAMS 0x00000000bab00000| PB 0x00000000bab00000| Untracked 
| 940|0x00000000bac00000, 0x00000000bac00000, 0x00000000bad00000|  0%| F|  |TAMS 0x00000000bac00000| PB 0x00000000bac00000| Untracked 
| 941|0x00000000bad00000, 0x00000000bad00000, 0x00000000bae00000|  0%| F|  |TAMS 0x00000000bad00000| PB 0x00000000bad00000| Untracked 
| 942|0x00000000bae00000, 0x00000000bae00000, 0x00000000baf00000|  0%| F|  |TAMS 0x00000000bae00000| PB 0x00000000bae00000| Untracked 
| 943|0x00000000baf00000, 0x00000000baf00000, 0x00000000bb000000|  0%| F|  |TAMS 0x00000000baf00000| PB 0x00000000baf00000| Untracked 
| 944|0x00000000bb000000, 0x00000000bb000000, 0x00000000bb100000|  0%| F|  |TAMS 0x00000000bb000000| PB 0x00000000bb000000| Untracked 
| 945|0x00000000bb100000, 0x00000000bb100000, 0x00000000bb200000|  0%| F|  |TAMS 0x00000000bb100000| PB 0x00000000bb100000| Untracked 
| 946|0x00000000bb200000, 0x00000000bb200000, 0x00000000bb300000|  0%| F|  |TAMS 0x00000000bb200000| PB 0x00000000bb200000| Untracked 
| 947|0x00000000bb300000, 0x00000000bb300000, 0x00000000bb400000|  0%| F|  |TAMS 0x00000000bb300000| PB 0x00000000bb300000| Untracked 
| 948|0x00000000bb400000, 0x00000000bb400000, 0x00000000bb500000|  0%| F|  |TAMS 0x00000000bb400000| PB 0x00000000bb400000| Untracked 
| 949|0x00000000bb500000, 0x00000000bb500000, 0x00000000bb600000|  0%| F|  |TAMS 0x00000000bb500000| PB 0x00000000bb500000| Untracked 
| 950|0x00000000bb600000, 0x00000000bb600000, 0x00000000bb700000|  0%| F|  |TAMS 0x00000000bb600000| PB 0x00000000bb600000| Untracked 
| 951|0x00000000bb700000, 0x00000000bb700000, 0x00000000bb800000|  0%| F|  |TAMS 0x00000000bb700000| PB 0x00000000bb700000| Untracked 
| 952|0x00000000bb800000, 0x00000000bb800000, 0x00000000bb900000|  0%| F|  |TAMS 0x00000000bb800000| PB 0x00000000bb800000| Untracked 
| 953|0x00000000bb900000, 0x00000000bb900000, 0x00000000bba00000|  0%| F|  |TAMS 0x00000000bb900000| PB 0x00000000bb900000| Untracked 
| 954|0x00000000bba00000, 0x00000000bba00000, 0x00000000bbb00000|  0%| F|  |TAMS 0x00000000bba00000| PB 0x00000000bba00000| Untracked 
| 955|0x00000000bbb00000, 0x00000000bbb00000, 0x00000000bbc00000|  0%| F|  |TAMS 0x00000000bbb00000| PB 0x00000000bbb00000| Untracked 
| 956|0x00000000bbc00000, 0x00000000bbc00000, 0x00000000bbd00000|  0%| F|  |TAMS 0x00000000bbc00000| PB 0x00000000bbc00000| Untracked 
| 957|0x00000000bbd00000, 0x00000000bbd00000, 0x00000000bbe00000|  0%| F|  |TAMS 0x00000000bbd00000| PB 0x00000000bbd00000| Untracked 
| 958|0x00000000bbe00000, 0x00000000bbe00000, 0x00000000bbf00000|  0%| F|  |TAMS 0x00000000bbe00000| PB 0x00000000bbe00000| Untracked 
| 959|0x00000000bbf00000, 0x00000000bbf00000, 0x00000000bc000000|  0%| F|  |TAMS 0x00000000bbf00000| PB 0x00000000bbf00000| Untracked 
| 960|0x00000000bc000000, 0x00000000bc000000, 0x00000000bc100000|  0%| F|  |TAMS 0x00000000bc000000| PB 0x00000000bc000000| Untracked 
| 961|0x00000000bc100000, 0x00000000bc100000, 0x00000000bc200000|  0%| F|  |TAMS 0x00000000bc100000| PB 0x00000000bc100000| Untracked 
| 962|0x00000000bc200000, 0x00000000bc200000, 0x00000000bc300000|  0%| F|  |TAMS 0x00000000bc200000| PB 0x00000000bc200000| Untracked 
| 963|0x00000000bc300000, 0x00000000bc300000, 0x00000000bc400000|  0%| F|  |TAMS 0x00000000bc300000| PB 0x00000000bc300000| Untracked 
| 964|0x00000000bc400000, 0x00000000bc400000, 0x00000000bc500000|  0%| F|  |TAMS 0x00000000bc400000| PB 0x00000000bc400000| Untracked 
| 965|0x00000000bc500000, 0x00000000bc500000, 0x00000000bc600000|  0%| F|  |TAMS 0x00000000bc500000| PB 0x00000000bc500000| Untracked 
| 966|0x00000000bc600000, 0x00000000bc600000, 0x00000000bc700000|  0%| F|  |TAMS 0x00000000bc600000| PB 0x00000000bc600000| Untracked 
| 967|0x00000000bc700000, 0x00000000bc700000, 0x00000000bc800000|  0%| F|  |TAMS 0x00000000bc700000| PB 0x00000000bc700000| Untracked 
| 968|0x00000000bc800000, 0x00000000bc800000, 0x00000000bc900000|  0%| F|  |TAMS 0x00000000bc800000| PB 0x00000000bc800000| Untracked 
| 969|0x00000000bc900000, 0x00000000bc900000, 0x00000000bca00000|  0%| F|  |TAMS 0x00000000bc900000| PB 0x00000000bc900000| Untracked 
| 970|0x00000000bca00000, 0x00000000bca00000, 0x00000000bcb00000|  0%| F|  |TAMS 0x00000000bca00000| PB 0x00000000bca00000| Untracked 
| 971|0x00000000bcb00000, 0x00000000bcb00000, 0x00000000bcc00000|  0%| F|  |TAMS 0x00000000bcb00000| PB 0x00000000bcb00000| Untracked 
| 972|0x00000000bcc00000, 0x00000000bcc00000, 0x00000000bcd00000|  0%| F|  |TAMS 0x00000000bcc00000| PB 0x00000000bcc00000| Untracked 
| 973|0x00000000bcd00000, 0x00000000bcd00000, 0x00000000bce00000|  0%| F|  |TAMS 0x00000000bcd00000| PB 0x00000000bcd00000| Untracked 
| 974|0x00000000bce00000, 0x00000000bce00000, 0x00000000bcf00000|  0%| F|  |TAMS 0x00000000bce00000| PB 0x00000000bce00000| Untracked 
| 975|0x00000000bcf00000, 0x00000000bcf00000, 0x00000000bd000000|  0%| F|  |TAMS 0x00000000bcf00000| PB 0x00000000bcf00000| Untracked 
| 976|0x00000000bd000000, 0x00000000bd000000, 0x00000000bd100000|  0%| F|  |TAMS 0x00000000bd000000| PB 0x00000000bd000000| Untracked 
| 977|0x00000000bd100000, 0x00000000bd100000, 0x00000000bd200000|  0%| F|  |TAMS 0x00000000bd100000| PB 0x00000000bd100000| Untracked 
| 978|0x00000000bd200000, 0x00000000bd200000, 0x00000000bd300000|  0%| F|  |TAMS 0x00000000bd200000| PB 0x00000000bd200000| Untracked 
| 979|0x00000000bd300000, 0x00000000bd300000, 0x00000000bd400000|  0%| F|  |TAMS 0x00000000bd300000| PB 0x00000000bd300000| Untracked 
| 980|0x00000000bd400000, 0x00000000bd400000, 0x00000000bd500000|  0%| F|  |TAMS 0x00000000bd400000| PB 0x00000000bd400000| Untracked 
| 981|0x00000000bd500000, 0x00000000bd500000, 0x00000000bd600000|  0%| F|  |TAMS 0x00000000bd500000| PB 0x00000000bd500000| Untracked 
| 982|0x00000000bd600000, 0x00000000bd600000, 0x00000000bd700000|  0%| F|  |TAMS 0x00000000bd600000| PB 0x00000000bd600000| Untracked 
|1228|0x00000000ccc00000, 0x00000000ccc00000, 0x00000000ccd00000|  0%| F|  |TAMS 0x00000000ccc00000| PB 0x00000000ccc00000| Untracked 
|1229|0x00000000ccd00000, 0x00000000ccd00000, 0x00000000cce00000|  0%| F|  |TAMS 0x00000000ccd00000| PB 0x00000000ccd00000| Untracked 
|1995|0x00000000fcb00000, 0x00000000fcb00000, 0x00000000fcc00000|  0%| F|  |TAMS 0x00000000fcb00000| PB 0x00000000fcb00000| Untracked 
|1996|0x00000000fcc00000, 0x00000000fcc00000, 0x00000000fcd00000|  0%| F|  |TAMS 0x00000000fcc00000| PB 0x00000000fcc00000| Untracked 
|1997|0x00000000fcd00000, 0x00000000fce00000, 0x00000000fce00000|100%| O|  |TAMS 0x00000000fcd00000| PB 0x00000000fcd00000| Untracked 
|1998|0x00000000fce00000, 0x00000000fcf00000, 0x00000000fcf00000|100%| O|  |TAMS 0x00000000fce00000| PB 0x00000000fce00000| Untracked 
|1999|0x00000000fcf00000, 0x00000000fcf00000, 0x00000000fd000000|  0%| F|  |TAMS 0x00000000fcf00000| PB 0x00000000fcf00000| Untracked 
|2000|0x00000000fd000000, 0x00000000fd000000, 0x00000000fd100000|  0%| F|  |TAMS 0x00000000fd000000| PB 0x00000000fd000000| Untracked 
|2001|0x00000000fd100000, 0x00000000fd100000, 0x00000000fd200000|  0%| F|  |TAMS 0x00000000fd100000| PB 0x00000000fd100000| Untracked 
|2002|0x00000000fd200000, 0x00000000fd200000, 0x00000000fd300000|  0%| F|  |TAMS 0x00000000fd200000| PB 0x00000000fd200000| Untracked 
|2003|0x00000000fd300000, 0x00000000fd300000, 0x00000000fd400000|  0%| F|  |TAMS 0x00000000fd300000| PB 0x00000000fd300000| Untracked 
|2004|0x00000000fd400000, 0x00000000fd400000, 0x00000000fd500000|  0%| F|  |TAMS 0x00000000fd400000| PB 0x00000000fd400000| Untracked 
|2005|0x00000000fd500000, 0x00000000fd500000, 0x00000000fd600000|  0%| F|  |TAMS 0x00000000fd500000| PB 0x00000000fd500000| Untracked 
|2006|0x00000000fd600000, 0x00000000fd600000, 0x00000000fd700000|  0%| F|  |TAMS 0x00000000fd600000| PB 0x00000000fd600000| Untracked 
|2007|0x00000000fd700000, 0x00000000fd700000, 0x00000000fd800000|  0%| F|  |TAMS 0x00000000fd700000| PB 0x00000000fd700000| Untracked 
|2008|0x00000000fd800000, 0x00000000fd800000, 0x00000000fd900000|  0%| F|  |TAMS 0x00000000fd800000| PB 0x00000000fd800000| Untracked 
|2009|0x00000000fd900000, 0x00000000fd900000, 0x00000000fda00000|  0%| F|  |TAMS 0x00000000fd900000| PB 0x00000000fd900000| Untracked 
|2010|0x00000000fda00000, 0x00000000fda00000, 0x00000000fdb00000|  0%| F|  |TAMS 0x00000000fda00000| PB 0x00000000fda00000| Untracked 
|2011|0x00000000fdb00000, 0x00000000fdc00000, 0x00000000fdc00000|100%| O|  |TAMS 0x00000000fdb00000| PB 0x00000000fdb00000| Untracked 
|2012|0x00000000fdc00000, 0x00000000fdd00000, 0x00000000fdd00000|100%| O|  |TAMS 0x00000000fdc00000| PB 0x00000000fdc00000| Untracked 
|2013|0x00000000fdd00000, 0x00000000fde00000, 0x00000000fde00000|100%| O|  |TAMS 0x00000000fdd00000| PB 0x00000000fdd00000| Untracked 
|2014|0x00000000fde00000, 0x00000000fdf00000, 0x00000000fdf00000|100%| O|  |TAMS 0x00000000fde00000| PB 0x00000000fde00000| Untracked 
|2015|0x00000000fdf00000, 0x00000000fe000000, 0x00000000fe000000|100%| O|  |TAMS 0x00000000fdf00000| PB 0x00000000fdf00000| Untracked 
|2016|0x00000000fe000000, 0x00000000fe100000, 0x00000000fe100000|100%| O|  |TAMS 0x00000000fe000000| PB 0x00000000fe000000| Untracked 
|2017|0x00000000fe100000, 0x00000000fe200000, 0x00000000fe200000|100%| O|  |TAMS 0x00000000fe100000| PB 0x00000000fe100000| Untracked 
|2018|0x00000000fe200000, 0x00000000fe300000, 0x00000000fe300000|100%| O|  |TAMS 0x00000000fe200000| PB 0x00000000fe200000| Untracked 
|2019|0x00000000fe300000, 0x00000000fe400000, 0x00000000fe400000|100%| O|  |TAMS 0x00000000fe300000| PB 0x00000000fe300000| Untracked 
|2020|0x00000000fe400000, 0x00000000fe500000, 0x00000000fe500000|100%| O|  |TAMS 0x00000000fe400000| PB 0x00000000fe400000| Untracked 
|2021|0x00000000fe500000, 0x00000000fe600000, 0x00000000fe600000|100%| O|  |TAMS 0x00000000fe500000| PB 0x00000000fe500000| Untracked 
|2022|0x00000000fe600000, 0x00000000fe600000, 0x00000000fe700000|  0%| F|  |TAMS 0x00000000fe600000| PB 0x00000000fe600000| Untracked 
|2023|0x00000000fe700000, 0x00000000fe700000, 0x00000000fe800000|  0%| F|  |TAMS 0x00000000fe700000| PB 0x00000000fe700000| Untracked 
|2024|0x00000000fe800000, 0x00000000fe800000, 0x00000000fe900000|  0%| F|  |TAMS 0x00000000fe800000| PB 0x00000000fe800000| Untracked 
|2025|0x00000000fe900000, 0x00000000fe900000, 0x00000000fea00000|  0%| F|  |TAMS 0x00000000fe900000| PB 0x00000000fe900000| Untracked 
|2026|0x00000000fea00000, 0x00000000fea00000, 0x00000000feb00000|  0%| F|  |TAMS 0x00000000fea00000| PB 0x00000000fea00000| Untracked 
|2027|0x00000000feb00000, 0x00000000fec00000, 0x00000000fec00000|100%| E|  |TAMS 0x00000000feb00000| PB 0x00000000feb00000| Complete 
|2028|0x00000000fec00000, 0x00000000fed00000, 0x00000000fed00000|100%| E|CS|TAMS 0x00000000fec00000| PB 0x00000000fec00000| Complete 
|2029|0x00000000fed00000, 0x00000000fee00000, 0x00000000fee00000|100%| E|CS|TAMS 0x00000000fed00000| PB 0x00000000fed00000| Complete 
|2030|0x00000000fee00000, 0x00000000fef00000, 0x00000000fef00000|100%| O|  |TAMS 0x00000000fee00000| PB 0x00000000fee00000| Untracked 
|2031|0x00000000fef00000, 0x00000000ff000000, 0x00000000ff000000|100%| E|CS|TAMS 0x00000000fef00000| PB 0x00000000fef00000| Complete 
|2032|0x00000000ff000000, 0x00000000ff100000, 0x00000000ff100000|100%| E|CS|TAMS 0x00000000ff000000| PB 0x00000000ff000000| Complete 
|2033|0x00000000ff100000, 0x00000000ff200000, 0x00000000ff200000|100%| E|  |TAMS 0x00000000ff100000| PB 0x00000000ff100000| Complete 
|2034|0x00000000ff200000, 0x00000000ff300000, 0x00000000ff300000|100%| E|CS|TAMS 0x00000000ff200000| PB 0x00000000ff200000| Complete 
|2035|0x00000000ff300000, 0x00000000ff400000, 0x00000000ff400000|100%| E|CS|TAMS 0x00000000ff300000| PB 0x00000000ff300000| Complete 
|2036|0x00000000ff400000, 0x00000000ff500000, 0x00000000ff500000|100%| O|  |TAMS 0x00000000ff400000| PB 0x00000000ff400000| Untracked 
|2037|0x00000000ff500000, 0x00000000ff600000, 0x00000000ff600000|100%| O|  |TAMS 0x00000000ff500000| PB 0x00000000ff500000| Untracked 
|2038|0x00000000ff600000, 0x00000000ff700000, 0x00000000ff700000|100%| O|  |TAMS 0x00000000ff600000| PB 0x00000000ff600000| Untracked 
|2039|0x00000000ff700000, 0x00000000ff800000, 0x00000000ff800000|100%| O|  |TAMS 0x00000000ff700000| PB 0x00000000ff700000| Untracked 
|2040|0x00000000ff800000, 0x00000000ff900000, 0x00000000ff900000|100%| O|  |TAMS 0x00000000ff800000| PB 0x00000000ff800000| Untracked 
|2041|0x00000000ff900000, 0x00000000ffa00000, 0x00000000ffa00000|100%| O|  |TAMS 0x00000000ff900000| PB 0x00000000ff900000| Untracked 
|2042|0x00000000ffa00000, 0x00000000ffb00000, 0x00000000ffb00000|100%| O|  |TAMS 0x00000000ffa00000| PB 0x00000000ffa00000| Untracked 
|2043|0x00000000ffb00000, 0x00000000ffc00000, 0x00000000ffc00000|100%| O|  |TAMS 0x00000000ffb00000| PB 0x00000000ffb00000| Untracked 
|2044|0x00000000ffc00000, 0x00000000ffd00000, 0x00000000ffd00000|100%| O|  |TAMS 0x00000000ffc00000| PB 0x00000000ffc00000| Untracked 
|2045|0x00000000ffd00000, 0x00000000ffe00000, 0x00000000ffe00000|100%| O|  |TAMS 0x00000000ffd00000| PB 0x00000000ffd00000| Untracked 
|2046|0x00000000ffe00000, 0x00000000fff00000, 0x00000000fff00000|100%| O|  |TAMS 0x00000000ffe00000| PB 0x00000000ffe00000| Untracked 
|2047|0x00000000fff00000, 0x0000000100000000, 0x0000000100000000|100%| O|  |TAMS 0x00000000fff00000| PB 0x00000000fff00000| Untracked 

Card table byte_map: [0x000002c8f5dc0000,0x000002c8f61c0000] _byte_map_base: 0x000002c8f59c0000

Marking Bits: (CMBitMap*) 0x000002c8eccdd340
 Bits: [0x000002c8f61c0000, 0x000002c8f81c0000)

Polling page: 0x000002c8ec450000

Metaspace:

Usage:
  Non-class:    125.30 MB used.
      Class:     19.80 MB used.
       Both:    145.10 MB used.

Virtual space:
  Non-class space:      128.00 MB reserved,     126.69 MB ( 99%) committed,  2 nodes.
      Class space:        1.00 GB reserved,      21.56 MB (  2%) committed,  1 nodes.
             Both:        1.12 GB reserved,     148.25 MB ( 13%) committed. 

Chunk freelists:
   Non-Class:  1.77 MB
       Class:  11.46 MB
        Both:  13.23 MB

MaxMetaspaceSize: unlimited
CompressedClassSpaceSize: 1.00 GB
Initial GC threshold: 21.00 MB
Current GC threshold: 246.88 MB
CDS: on
 - commit_granule_bytes: 65536.
 - commit_granule_words: 8192.
 - virtual_space_node_default_size: 8388608.
 - enlarge_chunks_in_place: 1.
 - use_allocation_guard: 0.


Internal statistics:

num_allocs_failed_limit: 9.
num_arena_births: 6550.
num_arena_deaths: 3838.
num_vsnodes_births: 3.
num_vsnodes_deaths: 0.
num_space_committed: 2372.
num_space_uncommitted: 1.
num_chunks_returned_to_freelist: 4728.
num_chunks_taken_from_freelist: 14446.
num_chunk_merges: 1660.
num_chunk_splits: 8570.
num_chunks_enlarged: 5047.
num_inconsistent_stats: 0.

CodeHeap 'non-profiled nmethods': size=119168Kb used=28426Kb max_used=30507Kb free=90741Kb
 bounds [0x000002c887ba0000, 0x000002c889990000, 0x000002c88f000000]
CodeHeap 'profiled nmethods': size=119104Kb used=30155Kb max_used=40543Kb free=88948Kb
 bounds [0x000002c880000000, 0x000002c8827d0000, 0x000002c887450000]
CodeHeap 'non-nmethods': size=7488Kb used=4740Kb max_used=4884Kb free=2748Kb
 bounds [0x000002c887450000, 0x000002c887930000, 0x000002c887ba0000]
 total_blobs=18263 nmethods=17164 adapters=998
 compilation: enabled
              stopped_count=0, restarted_count=0
 full_count=0

Compilation events (20 events):
Event: 6929.361 Thread 0x000002c8d8a1c350 nmethod 54446 0x000002c8881f7d10 code [0x000002c8881f7ea0, 0x000002c8881f7f28]
Event: 6929.361 Thread 0x000002c8d8a1c350 54681       4       com.android.tools.r8.internal.eo::<init> (51 bytes)
Event: 6929.361 Thread 0x000002c8d8a1aee0 54599       4       com.android.tools.r8.internal.rp::<init> (13 bytes)
Event: 6929.362 Thread 0x000002c8dbfdb2e0 nmethod 54678 0x000002c88953d190 code [0x000002c88953d320, 0x000002c88953d400]
Event: 6929.363 Thread 0x000002c8dbfdb2e0 54440       4       com.android.tools.r8.dex.E::<init> (42 bytes)
Event: 6929.363 Thread 0x000002c8d8a1c350 nmethod 54681 0x000002c88958d490 code [0x000002c88958d620, 0x000002c88958d700]
Event: 6929.363 Thread 0x000002c8d8a1c350 54455       4       java.nio.HeapByteBuffer::getInt (30 bytes)
Event: 6929.363 Thread 0x000002c8dbfdb2e0 nmethod 54440 0x000002c888218c90 code [0x000002c888218e20, 0x000002c888218eb0]
Event: 6929.363 Thread 0x000002c8dbfdb2e0 54451       4       com.android.tools.r8.dex.s::a (9 bytes)
Event: 6929.383 Thread 0x000002c8dbfdce20 54757       3       java.nio.file.Files::size (17 bytes)
Event: 6929.386 Thread 0x000002c8dbfdce20 nmethod 54757 0x000002c880cbbe10 code [0x000002c880cbc000, 0x000002c880cbc578]
Event: 6929.389 Thread 0x000002c8d8a1c350 nmethod 54455 0x000002c8883cf990 code [0x000002c8883cfb20, 0x000002c8883cfc68]
Event: 6929.392 Thread 0x000002c8d8a1c350 54500       4       com.android.tools.r8.dex.C$$Lambda/0x000002c89146dac8::<init> (10 bytes)
Event: 6929.393 Thread 0x000002c8dbfdb2e0 nmethod 54451 0x000002c888400090 code [0x000002c888400220, 0x000002c8884003a0]
Event: 6929.399 Thread 0x000002c8dbfdb2e0 54508       4       com.android.tools.r8.dex.C$$Lambda/0x000002c89146dac8::get (8 bytes)
Event: 6929.405 Thread 0x000002c8daa6a340 54758       3       java.util.zip.Deflater$DeflaterZStreamRef::<init> (30 bytes)
Event: 6929.405 Thread 0x000002c8fb23e3f0 54759       3       java.util.zip.DeflaterOutputStream::<init> (64 bytes)
Event: 6929.407 Thread 0x000002c8daa6a340 nmethod 54758 0x000002c8809c6110 code [0x000002c8809c62e0, 0x000002c8809c65b0]
Event: 6929.407 Thread 0x000002c8fb23e3f0 nmethod 54759 0x000002c8800dd790 code [0x000002c8800dd9a0, 0x000002c8800de0d0]
Event: 6929.408 Thread 0x000002c8daa6a340 54760   !   3       java.util.zip.DeflaterOutputStream::close (58 bytes)

GC Heap History (20 events):
Event: 6646.814 GC heap before
{Heap before GC invocations=178 (full 0):
 garbage-first heap   total 1022976K, used 884833K [0x0000000080000000, 0x0000000100000000)
  region size 1024K, 599 young (613376K), 28 survivors (28672K)
 Metaspace       used 148677K, committed 151744K, reserved 1179648K
  class space    used 20372K, committed 22080K, reserved 1048576K
}
Event: 6646.829 GC heap after
{Heap after GC invocations=179 (full 0):
 garbage-first heap   total 1022976K, used 301665K [0x0000000080000000, 0x0000000100000000)
  region size 1024K, 28 young (28672K), 28 survivors (28672K)
 Metaspace       used 148677K, committed 151744K, reserved 1179648K
  class space    used 20372K, committed 22080K, reserved 1048576K
}
Event: 6648.010 GC heap before
{Heap before GC invocations=180 (full 0):
 garbage-first heap   total 1022976K, used 879201K [0x0000000080000000, 0x0000000100000000)
  region size 1024K, 599 young (613376K), 28 survivors (28672K)
 Metaspace       used 148677K, committed 151744K, reserved 1179648K
  class space    used 20372K, committed 22080K, reserved 1048576K
}
Event: 6648.024 GC heap after
{Heap after GC invocations=181 (full 0):
 garbage-first heap   total 1022976K, used 289377K [0x0000000080000000, 0x0000000100000000)
  region size 1024K, 22 young (22528K), 22 survivors (22528K)
 Metaspace       used 148677K, committed 151744K, reserved 1179648K
  class space    used 20372K, committed 22080K, reserved 1048576K
}
Event: 6730.465 GC heap before
{Heap before GC invocations=181 (full 0):
 garbage-first heap   total 1022976K, used 1013345K [0x0000000080000000, 0x0000000100000000)
  region size 1024K, 599 young (613376K), 22 survivors (22528K)
 Metaspace       used 148916K, committed 151744K, reserved 1179648K
  class space    used 20385K, committed 22080K, reserved 1048576K
}
Event: 6730.483 GC heap after
{Heap after GC invocations=182 (full 0):
 garbage-first heap   total 1062912K, used 262406K [0x0000000080000000, 0x0000000100000000)
  region size 1024K, 41 young (41984K), 41 survivors (41984K)
 Metaspace       used 148916K, committed 151744K, reserved 1179648K
  class space    used 20385K, committed 22080K, reserved 1048576K
}
Event: 6925.479 GC heap before
{Heap before GC invocations=182 (full 0):
 garbage-first heap   total 1062912K, used 856326K [0x0000000080000000, 0x0000000100000000)
  region size 1024K, 622 young (636928K), 41 survivors (41984K)
 Metaspace       used 149028K, committed 151808K, reserved 1179648K
  class space    used 20387K, committed 22080K, reserved 1048576K
}
Event: 6925.514 GC heap after
{Heap after GC invocations=183 (full 0):
 garbage-first heap   total 1062912K, used 302452K [0x0000000080000000, 0x0000000100000000)
  region size 1024K, 78 young (79872K), 78 survivors (79872K)
 Metaspace       used 149028K, committed 151808K, reserved 1179648K
  class space    used 20387K, committed 22080K, reserved 1048576K
}
Event: 6925.916 GC heap before
{Heap before GC invocations=184 (full 0):
 garbage-first heap   total 1062912K, used 857460K [0x0000000080000000, 0x0000000100000000)
  region size 1024K, 622 young (636928K), 78 survivors (79872K)
 Metaspace       used 148546K, committed 151808K, reserved 1179648K
  class space    used 20276K, committed 22080K, reserved 1048576K
}
Event: 6925.942 GC heap after
{Heap after GC invocations=185 (full 0):
 garbage-first heap   total 1062912K, used 313344K [0x0000000080000000, 0x0000000100000000)
  region size 1024K, 15 young (15360K), 15 survivors (15360K)
 Metaspace       used 148546K, committed 151808K, reserved 1179648K
  class space    used 20276K, committed 22080K, reserved 1048576K
}
Event: 6926.134 GC heap before
{Heap before GC invocations=185 (full 0):
 garbage-first heap   total 1062912K, used 934912K [0x0000000080000000, 0x0000000100000000)
  region size 1024K, 622 young (636928K), 15 survivors (15360K)
 Metaspace       used 148546K, committed 151808K, reserved 1179648K
  class space    used 20276K, committed 22080K, reserved 1048576K
}
Event: 6926.147 GC heap after
{Heap after GC invocations=186 (full 0):
 garbage-first heap   total 1062912K, used 312320K [0x0000000080000000, 0x0000000100000000)
  region size 1024K, 24 young (24576K), 24 survivors (24576K)
 Metaspace       used 148546K, committed 151808K, reserved 1179648K
  class space    used 20276K, committed 22080K, reserved 1048576K
}
Event: 6926.364 GC heap before
{Heap before GC invocations=186 (full 0):
 garbage-first heap   total 1062912K, used 924672K [0x0000000080000000, 0x0000000100000000)
  region size 1024K, 622 young (636928K), 24 survivors (24576K)
 Metaspace       used 148546K, committed 151808K, reserved 1179648K
  class space    used 20276K, committed 22080K, reserved 1048576K
}
Event: 6926.375 GC heap after
{Heap after GC invocations=187 (full 0):
 garbage-first heap   total 1062912K, used 315228K [0x0000000080000000, 0x0000000100000000)
  region size 1024K, 27 young (27648K), 27 survivors (27648K)
 Metaspace       used 148546K, committed 151808K, reserved 1179648K
  class space    used 20276K, committed 22080K, reserved 1048576K
}
Event: 6926.815 GC heap before
{Heap before GC invocations=188 (full 0):
 garbage-first heap   total 1062912K, used 903004K [0x0000000080000000, 0x0000000100000000)
  region size 1024K, 622 young (636928K), 27 survivors (27648K)
 Metaspace       used 148548K, committed 151808K, reserved 1179648K
  class space    used 20276K, committed 22080K, reserved 1048576K
}
Event: 6926.828 GC heap after
{Heap after GC invocations=189 (full 0):
 garbage-first heap   total 1062912K, used 299008K [0x0000000080000000, 0x0000000100000000)
  region size 1024K, 31 young (31744K), 31 survivors (31744K)
 Metaspace       used 148548K, committed 151808K, reserved 1179648K
  class space    used 20276K, committed 22080K, reserved 1048576K
}
Event: 6927.508 GC heap before
{Heap before GC invocations=189 (full 0):
 garbage-first heap   total 1062912K, used 903168K [0x0000000080000000, 0x0000000100000000)
  region size 1024K, 622 young (636928K), 31 survivors (31744K)
 Metaspace       used 148558K, committed 151808K, reserved 1179648K
  class space    used 20276K, committed 22080K, reserved 1048576K
}
Event: 6927.524 GC heap after
{Heap after GC invocations=190 (full 0):
 garbage-first heap   total 1062912K, used 246504K [0x0000000080000000, 0x0000000100000000)
  region size 1024K, 28 young (28672K), 28 survivors (28672K)
 Metaspace       used 148558K, committed 151808K, reserved 1179648K
  class space    used 20276K, committed 22080K, reserved 1048576K
}
Event: 6929.364 GC heap before
{Heap before GC invocations=190 (full 0):
 garbage-first heap   total 1062912K, used 648936K [0x0000000080000000, 0x0000000100000000)
  region size 1024K, 423 young (433152K), 28 survivors (28672K)
 Metaspace       used 148569K, committed 151808K, reserved 1179648K
  class space    used 20276K, committed 22080K, reserved 1048576K
}
Event: 6929.377 GC heap after
{Heap after GC invocations=191 (full 0):
 garbage-first heap   total 1062912K, used 248127K [0x0000000080000000, 0x0000000100000000)
  region size 1024K, 29 young (29696K), 29 survivors (29696K)
 Metaspace       used 148569K, committed 151808K, reserved 1179648K
  class space    used 20276K, committed 22080K, reserved 1048576K
}

Dll operation events (16 events):
Event: 0.012 Loaded shared library D:\JDK21\bin\java.dll
Event: 0.049 Loaded shared library D:\JDK21\bin\jsvml.dll
Event: 0.080 Loaded shared library D:\JDK21\bin\zip.dll
Event: 0.085 Loaded shared library D:\JDK21\bin\instrument.dll
Event: 0.088 Loaded shared library D:\JDK21\bin\net.dll
Event: 0.091 Loaded shared library D:\JDK21\bin\nio.dll
Event: 0.093 Loaded shared library D:\JDK21\bin\zip.dll
Event: 0.386 Loaded shared library D:\JDK21\bin\jimage.dll
Event: 0.558 Loaded shared library D:\JDK21\bin\verify.dll
Event: 0.701 Loaded shared library C:\Users\26811\.gradle\native\c067742578af261105cb4f569cf0c3c89f3d7b1fecec35dd04571415982c5e48\windows-amd64\native-platform.dll
Event: 0.708 Loaded shared library C:\Users\26811\.gradle\native\100fb08df4bc3b14c8652ba06237920a3bd2aa13389f12d3474272988ae205f9\windows-amd64\native-platform-file-events.dll
Event: 1.853 Loaded shared library D:\JDK21\bin\management.dll
Event: 1.855 Loaded shared library D:\JDK21\bin\management_ext.dll
Event: 2.038 Loaded shared library D:\JDK21\bin\extnet.dll
Event: 2.216 Loaded shared library D:\JDK21\bin\sunmscapi.dll
Event: 21.621 Loaded shared library D:\JDK21\bin\rmi.dll

Deoptimization events (20 events):
Event: 6923.551 Thread 0x000002c8e9608080 Uncommon trap: trap_request=0xffffff45 fr.pc=0x000002c888d4e0bc relative=0x000000000000147c
Event: 6923.551 Thread 0x000002c8e9608080 Uncommon trap: reason=unstable_if action=reinterpret pc=0x000002c888d4e0bc method=java.util.concurrent.locks.AbstractQueuedSynchronizer.hasQueuedPredecessors()Z @ 33 c2
Event: 6923.551 Thread 0x000002c8e9608080 DEOPT PACKING pc=0x000002c888d4e0bc sp=0x000000eb09ffc110
Event: 6923.551 Thread 0x000002c8e9608080 DEOPT UNPACKING pc=0x000002c8874a46a2 sp=0x000000eb09ffbfd8 mode 2
Event: 6927.247 Thread 0x000002c8fb3c7480 Uncommon trap: trap_request=0xffffffde fr.pc=0x000002c888d7dda4 relative=0x0000000000001d04
Event: 6927.247 Thread 0x000002c8fb3c7480 Uncommon trap: reason=class_check action=maybe_recompile pc=0x000002c888d7dda4 method=com.android.tools.r8.internal.CQ.a(IILcom/android/tools/r8/internal/YR;)Z @ 245 c2
Event: 6927.247 Thread 0x000002c8fb3c7480 DEOPT PACKING pc=0x000002c888d7dda4 sp=0x000000eb118fc910
Event: 6927.248 Thread 0x000002c8fb3c7480 DEOPT UNPACKING pc=0x000002c8874a46a2 sp=0x000000eb118fc8f0 mode 2
Event: 6929.339 Thread 0x000002c8d9439dc0 Uncommon trap: trap_request=0xffffffbe fr.pc=0x000002c8896be4c4 relative=0x0000000000001384
Event: 6929.340 Thread 0x000002c8d9439dc0 Uncommon trap: reason=profile_predicate action=maybe_recompile pc=0x000002c8896be4c4 method=java.lang.StringLatin1.replace([BI[BI[BI)Ljava/lang/String; @ 180 c2
Event: 6929.340 Thread 0x000002c8d9439dc0 DEOPT PACKING pc=0x000002c8896be4c4 sp=0x000000eb11cfde90
Event: 6929.340 Thread 0x000002c8d9439dc0 DEOPT UNPACKING pc=0x000002c8874a46a2 sp=0x000000eb11cfde30 mode 2
Event: 6929.346 Thread 0x000002c8d9439dc0 Uncommon trap: trap_request=0xffffffbe fr.pc=0x000002c8896be4c4 relative=0x0000000000001384
Event: 6929.346 Thread 0x000002c8d9439dc0 Uncommon trap: reason=profile_predicate action=maybe_recompile pc=0x000002c8896be4c4 method=java.lang.StringLatin1.replace([BI[BI[BI)Ljava/lang/String; @ 180 c2
Event: 6929.346 Thread 0x000002c8d9439dc0 DEOPT PACKING pc=0x000002c8896be4c4 sp=0x000000eb11cfdd60
Event: 6929.346 Thread 0x000002c8d9439dc0 DEOPT UNPACKING pc=0x000002c8874a46a2 sp=0x000000eb11cfdd00 mode 2
Event: 6929.403 Thread 0x000002c8fcbe8520 Uncommon trap: trap_request=0xffffff45 fr.pc=0x000002c88800d5cc relative=0x000000000000010c
Event: 6929.405 Thread 0x000002c8fcbe8520 Uncommon trap: reason=unstable_if action=reinterpret pc=0x000002c88800d5cc method=jdk.internal.misc.Unsafe.allocateMemory(J)J @ 28 c2
Event: 6929.406 Thread 0x000002c8fcbe8520 DEOPT PACKING pc=0x000002c88800d5cc sp=0x000000eb109ff0f0
Event: 6929.407 Thread 0x000002c8fcbe8520 DEOPT UNPACKING pc=0x000002c8874a46a2 sp=0x000000eb109ff078 mode 2

Classes loaded (20 events):
Event: 701.773 Loading class java/io/FilterReader
Event: 701.773 Loading class java/io/FilterReader done
Event: 715.206 Loading class javax/management/MalformedObjectNameException
Event: 715.207 Loading class javax/management/MalformedObjectNameException done
Event: 715.207 Loading class javax/management/InstanceAlreadyExistsException
Event: 715.207 Loading class javax/management/InstanceAlreadyExistsException done
Event: 715.207 Loading class javax/management/MBeanRegistrationException
Event: 715.207 Loading class javax/management/MBeanException
Event: 715.208 Loading class javax/management/MBeanException done
Event: 715.208 Loading class javax/management/MBeanRegistrationException done
Event: 715.208 Loading class javax/management/NotCompliantMBeanException
Event: 715.208 Loading class javax/management/NotCompliantMBeanException done
Event: 715.208 Loading class javax/management/AttributeNotFoundException
Event: 715.208 Loading class javax/management/AttributeNotFoundException done
Event: 715.208 Loading class javax/management/ReflectionException
Event: 715.208 Loading class javax/management/ReflectionException done
Event: 715.208 Loading class javax/management/InstanceNotFoundException
Event: 715.208 Loading class javax/management/InstanceNotFoundException done
Event: 6160.205 Loading class sun/nio/cs/US_ASCII$Decoder
Event: 6160.209 Loading class sun/nio/cs/US_ASCII$Decoder done

Classes unloaded (20 events):
Event: 6925.654 Thread 0x000002c8fb215060 Unloading class 0x000002c890cf0000 'java/lang/invoke/LambdaForm$MH+0x000002c890cf0000'
Event: 6925.654 Thread 0x000002c8fb215060 Unloading class 0x000002c890d29400 'java/lang/invoke/LambdaForm$MH+0x000002c890d29400'
Event: 6925.654 Thread 0x000002c8fb215060 Unloading class 0x000002c890d40c00 'java/lang/invoke/LambdaForm$MH+0x000002c890d40c00'
Event: 6925.654 Thread 0x000002c8fb215060 Unloading class 0x000002c890d88400 'java/lang/invoke/LambdaForm$MH+0x000002c890d88400'
Event: 6925.654 Thread 0x000002c8fb215060 Unloading class 0x000002c890ddc800 'java/lang/invoke/LambdaForm$MH+0x000002c890ddc800'
Event: 6925.654 Thread 0x000002c8fb215060 Unloading class 0x000002c890ddd800 'java/lang/invoke/LambdaForm$MH+0x000002c890ddd800'
Event: 6925.654 Thread 0x000002c8fb215060 Unloading class 0x000002c890dec400 'java/lang/invoke/LambdaForm$MH+0x000002c890dec400'
Event: 6925.654 Thread 0x000002c8fb215060 Unloading class 0x000002c890ded000 'java/lang/invoke/LambdaForm$MH+0x000002c890ded000'
Event: 6925.654 Thread 0x000002c8fb215060 Unloading class 0x000002c890ded800 'java/lang/invoke/LambdaForm$MH+0x000002c890ded800'
Event: 6925.654 Thread 0x000002c8fb215060 Unloading class 0x000002c890e04000 'java/lang/invoke/LambdaForm$MH+0x000002c890e04000'
Event: 6925.654 Thread 0x000002c8fb215060 Unloading class 0x000002c890e72800 'java/lang/invoke/LambdaForm$MH+0x000002c890e72800'
Event: 6925.654 Thread 0x000002c8fb215060 Unloading class 0x000002c890e78400 'java/lang/invoke/LambdaForm$MH+0x000002c890e78400'
Event: 6925.654 Thread 0x000002c8fb215060 Unloading class 0x000002c890eb0800 'java/lang/invoke/LambdaForm$MH+0x000002c890eb0800'
Event: 6925.654 Thread 0x000002c8fb215060 Unloading class 0x000002c890ebc800 'java/lang/invoke/LambdaForm$MH+0x000002c890ebc800'
Event: 6925.654 Thread 0x000002c8fb215060 Unloading class 0x000002c890ec8400 'java/lang/invoke/LambdaForm$MH+0x000002c890ec8400'
Event: 6925.654 Thread 0x000002c8fb215060 Unloading class 0x000002c890ef0400 'java/lang/invoke/LambdaForm$MH+0x000002c890ef0400'
Event: 6925.654 Thread 0x000002c8fb215060 Unloading class 0x000002c890f00000 'java/lang/invoke/LambdaForm$MH+0x000002c890f00000'
Event: 6925.654 Thread 0x000002c8fb215060 Unloading class 0x000002c890f0e000 'java/lang/invoke/LambdaForm$MH+0x000002c890f0e000'
Event: 6925.654 Thread 0x000002c8fb215060 Unloading class 0x000002c890f0ec00 'java/lang/invoke/LambdaForm$MH+0x000002c890f0ec00'
Event: 6925.654 Thread 0x000002c8fb215060 Unloading class 0x000002c891541400 'java/lang/invoke/LambdaForm$MH+0x000002c891541400'

Classes redefined (0 events):
No events

Internal exceptions (20 events):
Event: 6928.608 Thread 0x000002c8fb3c7480 Exception <a 'sun/nio/fs/WindowsException'{0x00000000a9fc7920}> (0x00000000a9fc7920) 
thrown [s\open\src\hotspot\share\prims\jni.cpp, line 520]
Event: 6928.610 Thread 0x000002c8fb3c7480 Exception <a 'sun/nio/fs/WindowsException'{0x00000000a9fce068}> (0x00000000a9fce068) 
thrown [s\open\src\hotspot\share\prims\jni.cpp, line 520]
Event: 6928.612 Thread 0x000002c8fb3c7480 Exception <a 'sun/nio/fs/WindowsException'{0x00000000a9fd5630}> (0x00000000a9fd5630) 
thrown [s\open\src\hotspot\share\prims\jni.cpp, line 520]
Event: 6928.614 Thread 0x000002c8fb3c7480 Exception <a 'sun/nio/fs/WindowsException'{0x00000000a9ece060}> (0x00000000a9ece060) 
thrown [s\open\src\hotspot\share\prims\jni.cpp, line 520]
Event: 6928.617 Thread 0x000002c8fb3c7480 Exception <a 'sun/nio/fs/WindowsException'{0x00000000a9ed4798}> (0x00000000a9ed4798) 
thrown [s\open\src\hotspot\share\prims\jni.cpp, line 520]
Event: 6928.619 Thread 0x000002c8fb3c7480 Exception <a 'sun/nio/fs/WindowsException'{0x00000000a9edab90}> (0x00000000a9edab90) 
thrown [s\open\src\hotspot\share\prims\jni.cpp, line 520]
Event: 6928.622 Thread 0x000002c8fb3c7480 Exception <a 'sun/nio/fs/WindowsException'{0x00000000a9ee94b8}> (0x00000000a9ee94b8) 
thrown [s\open\src\hotspot\share\prims\jni.cpp, line 520]
Event: 6928.624 Thread 0x000002c8fb3c7480 Exception <a 'sun/nio/fs/WindowsException'{0x00000000a9ef0570}> (0x00000000a9ef0570) 
thrown [s\open\src\hotspot\share\prims\jni.cpp, line 520]
Event: 6928.626 Thread 0x000002c8fb3c7480 Exception <a 'sun/nio/fs/WindowsException'{0x00000000a9ef9638}> (0x00000000a9ef9638) 
thrown [s\open\src\hotspot\share\prims\jni.cpp, line 520]
Event: 6928.629 Thread 0x000002c8fb3c7480 Exception <a 'sun/nio/fs/WindowsException'{0x00000000a9cc6490}> (0x00000000a9cc6490) 
thrown [s\open\src\hotspot\share\prims\jni.cpp, line 520]
Event: 6928.631 Thread 0x000002c8fb3c7480 Exception <a 'sun/nio/fs/WindowsException'{0x00000000a9cd04a8}> (0x00000000a9cd04a8) 
thrown [s\open\src\hotspot\share\prims\jni.cpp, line 520]
Event: 6928.633 Thread 0x000002c8fb3c7480 Exception <a 'sun/nio/fs/WindowsException'{0x00000000a9cd6a08}> (0x00000000a9cd6a08) 
thrown [s\open\src\hotspot\share\prims\jni.cpp, line 520]
Event: 6928.635 Thread 0x000002c8fb3c7480 Exception <a 'sun/nio/fs/WindowsException'{0x00000000a9cdd060}> (0x00000000a9cdd060) 
thrown [s\open\src\hotspot\share\prims\jni.cpp, line 520]
Event: 6928.637 Thread 0x000002c8fb3c7480 Exception <a 'sun/nio/fs/WindowsException'{0x00000000a9ce5db0}> (0x00000000a9ce5db0) 
thrown [s\open\src\hotspot\share\prims\jni.cpp, line 520]
Event: 6928.640 Thread 0x000002c8fb3c7480 Exception <a 'sun/nio/fs/WindowsException'{0x00000000a9ced600}> (0x00000000a9ced600) 
thrown [s\open\src\hotspot\share\prims\jni.cpp, line 520]
Event: 6929.061 Thread 0x000002c8d9439730 Exception <a 'sun/nio/fs/WindowsException'{0x00000000a78866e0}> (0x00000000a78866e0) 
thrown [s\open\src\hotspot\share\prims\jni.cpp, line 520]
Event: 6929.245 Thread 0x000002c8d9438a10 Exception <a 'sun/nio/fs/WindowsException'{0x00000000a6e3fd30}> (0x00000000a6e3fd30) 
thrown [s\open\src\hotspot\share\prims\jni.cpp, line 520]
Event: 6929.299 Thread 0x000002c8e9608080 Exception <a 'sun/nio/fs/WindowsException'{0x00000000a6ef8fb8}> (0x00000000a6ef8fb8) 
thrown [s\open\src\hotspot\share\prims\jni.cpp, line 520]
Event: 6929.309 Thread 0x000002c8e9608080 Exception <a 'sun/nio/fs/WindowsException'{0x00000000a6efa490}> (0x00000000a6efa490) 
thrown [s\open\src\hotspot\share\prims\jni.cpp, line 520]
Event: 6929.359 Thread 0x000002c8d9439dc0 Exception <a 'sun/nio/fs/WindowsException'{0x00000000a6bff3a0}> (0x00000000a6bff3a0) 
thrown [s\open\src\hotspot\share\prims\jni.cpp, line 520]

ZGC Phase Switch (0 events):
No events

VM Operations (20 events):
Event: 6925.649 Executing VM operation: G1PauseRemark
Event: 6925.720 Executing VM operation: G1PauseRemark done
Event: 6925.875 Executing VM operation: G1PauseCleanup
Event: 6925.876 Executing VM operation: G1PauseCleanup done
Event: 6925.916 Executing VM operation: G1CollectForAllocation (G1 Evacuation Pause)
Event: 6925.943 Executing VM operation: G1CollectForAllocation (G1 Evacuation Pause) done
Event: 6926.134 Executing VM operation: G1CollectForAllocation (G1 Evacuation Pause)
Event: 6926.147 Executing VM operation: G1CollectForAllocation (G1 Evacuation Pause) done
Event: 6926.364 Executing VM operation: G1CollectForAllocation (G1 Evacuation Pause)
Event: 6926.375 Executing VM operation: G1CollectForAllocation (G1 Evacuation Pause) done
Event: 6926.493 Executing VM operation: G1PauseRemark
Event: 6926.511 Executing VM operation: G1PauseRemark done
Event: 6926.586 Executing VM operation: G1PauseCleanup
Event: 6926.587 Executing VM operation: G1PauseCleanup done
Event: 6926.815 Executing VM operation: G1CollectForAllocation (G1 Evacuation Pause)
Event: 6926.829 Executing VM operation: G1CollectForAllocation (G1 Evacuation Pause) done
Event: 6927.508 Executing VM operation: G1CollectForAllocation (G1 Evacuation Pause)
Event: 6927.524 Executing VM operation: G1CollectForAllocation (G1 Evacuation Pause) done
Event: 6929.364 Executing VM operation: G1TryInitiateConcMark (G1 Humongous Allocation)
Event: 6929.381 Executing VM operation: G1TryInitiateConcMark (G1 Humongous Allocation) done

Events (20 events):
Event: 6926.509 Thread 0x000002c8fb215060 flushing nmethod 0x000002c8821b6b10
Event: 6926.509 Thread 0x000002c8fb215060 flushing nmethod 0x000002c8821b7a10
Event: 6926.509 Thread 0x000002c8fb215060 flushing nmethod 0x000002c8821b9110
Event: 6926.509 Thread 0x000002c8fb215060 flushing nmethod 0x000002c882468e10
Event: 6926.509 Thread 0x000002c8fb215060 flushing nmethod 0x000002c882474c10
Event: 6926.509 Thread 0x000002c8fb215060 flushing nmethod 0x000002c88247d090
Event: 6926.509 Thread 0x000002c8fb215060 flushing nmethod 0x000002c88250cf90
Event: 6926.509 Thread 0x000002c8fb215060 flushing nmethod 0x000002c88257ef10
Event: 6926.509 Thread 0x000002c8fb215060 flushing nmethod 0x000002c882586a90
Event: 6929.051 Thread 0x000002c8d8a1ca20 Thread added: 0x000002c8d8a1ca20
Event: 6929.057 Thread 0x000002c8d8a1aee0 Thread added: 0x000002c8d8a1aee0
Event: 6929.128 Thread 0x000002c8d8a1b5b0 Thread added: 0x000002c8d8a1b5b0
Event: 6929.128 Thread 0x000002c8d8a1c350 Thread added: 0x000002c8d8a1c350
Event: 6929.128 Thread 0x000002c8dbfd9e70 Thread added: 0x000002c8dbfd9e70
Event: 6929.128 Thread 0x000002c8dbfdb2e0 Thread added: 0x000002c8dbfdb2e0
Event: 6929.128 Thread 0x000002c8dbfdb9b0 Thread added: 0x000002c8dbfdb9b0
Event: 6929.130 Thread 0x000002c8dbfdc750 Thread added: 0x000002c8dbfdc750
Event: 6929.131 Thread 0x000002c8dbfdce20 Thread added: 0x000002c8dbfdce20
Event: 6929.187 Thread 0x000002c8daa6a340 Thread added: 0x000002c8daa6a340
Event: 6929.406 Thread 0x000002c8e20c6990 Thread added: 0x000002c8e20c6990


Dynamic libraries:
0x00007ff694a70000 - 0x00007ff694a80000 	D:\JDK21\bin\java.exe
0x00007fff4d230000 - 0x00007fff4d428000 	C:\Windows\SYSTEM32\ntdll.dll
0x00007fff4cff0000 - 0x00007fff4d0b2000 	C:\Windows\System32\KERNEL32.DLL
0x00007fff4a970000 - 0x00007fff4ac66000 	C:\Windows\System32\KERNELBASE.dll
0x00007fff4b150000 - 0x00007fff4b250000 	C:\Windows\System32\ucrtbase.dll
0x00007fff0e7c0000 - 0x00007fff0e7de000 	D:\JDK21\bin\VCRUNTIME140.dll
0x00007fff0ec90000 - 0x00007fff0eca9000 	D:\JDK21\bin\jli.dll
0x00007fff4bb40000 - 0x00007fff4bbf1000 	C:\Windows\System32\ADVAPI32.dll
0x00007fff4c1a0000 - 0x00007fff4c23e000 	C:\Windows\System32\msvcrt.dll
0x00007fff4bc00000 - 0x00007fff4bc9f000 	C:\Windows\System32\sechost.dll
0x00007fff4c320000 - 0x00007fff4c440000 	C:\Windows\System32\RPCRT4.dll
0x00007fff4b120000 - 0x00007fff4b147000 	C:\Windows\System32\bcrypt.dll
0x00007fff4c4d0000 - 0x00007fff4c671000 	C:\Windows\System32\USER32.dll
0x00007fff4ad60000 - 0x00007fff4ad82000 	C:\Windows\System32\win32u.dll
0x00007fff4c0c0000 - 0x00007fff4c0eb000 	C:\Windows\System32\GDI32.dll
0x00007fff3cb50000 - 0x00007fff3cdeb000 	C:\Windows\WinSxS\amd64_microsoft.windows.common-controls_6595b64144ccf1df_6.0.19041.6456_none_60b8a6cb71f64256\COMCTL32.dll
0x00007fff4ad90000 - 0x00007fff4aea9000 	C:\Windows\System32\gdi32full.dll
0x00007fff4acc0000 - 0x00007fff4ad5d000 	C:\Windows\System32\msvcp_win.dll
0x00007fff41db0000 - 0x00007fff41dba000 	C:\Windows\SYSTEM32\VERSION.dll
0x00007fff4c4a0000 - 0x00007fff4c4cf000 	C:\Windows\System32\IMM32.DLL
0x00007fff15800000 - 0x00007fff1580c000 	D:\JDK21\bin\vcruntime140_1.dll
0x00007fff0e730000 - 0x00007fff0e7bd000 	D:\JDK21\bin\msvcp140.dll
0x00007ffee1390000 - 0x00007ffee20b7000 	D:\JDK21\bin\server\jvm.dll
0x00007fff4d180000 - 0x00007fff4d1eb000 	C:\Windows\System32\WS2_32.dll
0x00007fff4a200000 - 0x00007fff4a24b000 	C:\Windows\SYSTEM32\POWRPROF.dll
0x00007fff3f370000 - 0x00007fff3f397000 	C:\Windows\SYSTEM32\WINMM.dll
0x00007fff4a1d0000 - 0x00007fff4a1e2000 	C:\Windows\SYSTEM32\UMPDC.dll
0x00007fff49090000 - 0x00007fff490a2000 	C:\Windows\SYSTEM32\kernel.appcore.dll
0x00007fff151b0000 - 0x00007fff151ba000 	D:\JDK21\bin\jimage.dll
0x00007fff48be0000 - 0x00007fff48de1000 	C:\Windows\SYSTEM32\DBGHELP.DLL
0x00007fff3d1f0000 - 0x00007fff3d224000 	C:\Windows\SYSTEM32\dbgcore.DLL
0x00007fff4b010000 - 0x00007fff4b092000 	C:\Windows\System32\bcryptPrimitives.dll
0x00007fff478d0000 - 0x00007fff478e0000 	D:\JDK21\bin\instrument.dll
0x00007fff0e700000 - 0x00007fff0e721000 	D:\JDK21\bin\java.dll
0x00007fff4b370000 - 0x00007fff4bae0000 	C:\Windows\System32\SHELL32.dll
0x00007fff48310000 - 0x00007fff48ab5000 	C:\Windows\SYSTEM32\windows.storage.dll
0x00007fff4cb50000 - 0x00007fff4cea4000 	C:\Windows\System32\combase.dll
0x00007fff4a1a0000 - 0x00007fff4a1cb000 	C:\Windows\SYSTEM32\Wldp.dll
0x00007fff4cf20000 - 0x00007fff4cfed000 	C:\Windows\System32\OLEAUT32.dll
0x00007fff4c010000 - 0x00007fff4c0bd000 	C:\Windows\System32\SHCORE.dll
0x00007fff4c680000 - 0x00007fff4c6db000 	C:\Windows\System32\shlwapi.dll
0x00007fff4a7f0000 - 0x00007fff4a814000 	C:\Windows\SYSTEM32\profapi.dll
0x00007fff0c310000 - 0x00007fff0c3e7000 	D:\JDK21\bin\jsvml.dll
0x00007fff0e6e0000 - 0x00007fff0e6f8000 	D:\JDK21\bin\zip.dll
0x00007fff0c2f0000 - 0x00007fff0c301000 	D:\JDK21\bin\net.dll
0x00007fff42300000 - 0x00007fff4240a000 	C:\Windows\SYSTEM32\WINHTTP.dll
0x00007fff49f80000 - 0x00007fff49fea000 	C:\Windows\system32\mswsock.dll
0x00007fff0c2d0000 - 0x00007fff0c2e6000 	D:\JDK21\bin\nio.dll
0x00007fff11710000 - 0x00007fff11720000 	D:\JDK21\bin\verify.dll
0x00007fff33680000 - 0x00007fff336a7000 	C:\Users\26811\.gradle\native\c067742578af261105cb4f569cf0c3c89f3d7b1fecec35dd04571415982c5e48\windows-amd64\native-platform.dll
0x00007fff31d40000 - 0x00007fff31e84000 	C:\Users\26811\.gradle\native\100fb08df4bc3b14c8652ba06237920a3bd2aa13389f12d3474272988ae205f9\windows-amd64\native-platform-file-events.dll
0x00007fff0e500000 - 0x00007fff0e50a000 	D:\JDK21\bin\management.dll
0x00007fff0c2c0000 - 0x00007fff0c2cc000 	D:\JDK21\bin\management_ext.dll
0x00007fff4cf10000 - 0x00007fff4cf18000 	C:\Windows\System32\PSAPI.DLL
0x00007fff4a250000 - 0x00007fff4a268000 	C:\Windows\SYSTEM32\CRYPTSP.dll
0x00007fff49850000 - 0x00007fff49888000 	C:\Windows\system32\rsaenh.dll
0x00007fff4a770000 - 0x00007fff4a79e000 	C:\Windows\SYSTEM32\USERENV.dll
0x00007fff4a170000 - 0x00007fff4a17c000 	C:\Windows\SYSTEM32\CRYPTBASE.dll
0x00007fff49c10000 - 0x00007fff49c4b000 	C:\Windows\SYSTEM32\IPHLPAPI.DLL
0x00007fff4d0c0000 - 0x00007fff4d0c8000 	C:\Windows\System32\NSI.dll
0x00007fff0c2b0000 - 0x00007fff0c2b9000 	D:\JDK21\bin\extnet.dll
0x00007fff0c2a0000 - 0x00007fff0c2ae000 	D:\JDK21\bin\sunmscapi.dll
0x00007fff4aeb0000 - 0x00007fff4b00d000 	C:\Windows\System32\CRYPT32.dll
0x00007fff4a360000 - 0x00007fff4a387000 	C:\Windows\SYSTEM32\ncrypt.dll
0x00007fff4a320000 - 0x00007fff4a35b000 	C:\Windows\SYSTEM32\NTASN1.dll
0x00007fff1a790000 - 0x00007fff1a797000 	C:\Windows\system32\wshunix.dll
0x00007fff30320000 - 0x00007fff30337000 	C:\Windows\system32\napinsp.dll
0x00007fff302d0000 - 0x00007fff302eb000 	C:\Windows\system32\pnrpnsp.dll
0x00007fff464a0000 - 0x00007fff464bd000 	C:\Windows\system32\wshbth.dll
0x00007fff42f60000 - 0x00007fff42f7d000 	C:\Windows\system32\NLAapi.dll
0x00007fff49cc0000 - 0x00007fff49d8a000 	C:\Windows\SYSTEM32\DNSAPI.dll
0x00007fff2d470000 - 0x00007fff2d482000 	C:\Windows\System32\winrnr.dll
0x00007fff44100000 - 0x00007fff4410a000 	C:\Windows\System32\rasadhlp.dll
0x00007fff40b10000 - 0x00007fff40b90000 	C:\Windows\System32\fwpuclnt.dll
0x00007fff46f70000 - 0x00007fff46f77000 	D:\JDK21\bin\rmi.dll

dbghelp: loaded successfully - version: 4.0.5 - missing functions: none
symbol engine: initialized successfully - sym options: 0x614 - pdb path: .;D:\JDK21\bin;C:\Windows\SYSTEM32;C:\Windows\WinSxS\amd64_microsoft.windows.common-controls_6595b64144ccf1df_6.0.19041.6456_none_60b8a6cb71f64256;D:\JDK21\bin\server;C:\Users\26811\.gradle\native\c067742578af261105cb4f569cf0c3c89f3d7b1fecec35dd04571415982c5e48\windows-amd64;C:\Users\26811\.gradle\native\100fb08df4bc3b14c8652ba06237920a3bd2aa13389f12d3474272988ae205f9\windows-amd64

VM Arguments:
jvm_args: --add-opens=java.base/java.util=ALL-UNNAMED --add-opens=java.base/java.lang=ALL-UNNAMED --add-opens=java.base/java.lang.invoke=ALL-UNNAMED --add-opens=java.prefs/java.util.prefs=ALL-UNNAMED --add-exports=jdk.compiler/com.sun.tools.javac.api=ALL-UNNAMED --add-exports=jdk.compiler/com.sun.tools.javac.util=ALL-UNNAMED --add-opens=java.base/java.nio.charset=ALL-UNNAMED --add-opens=java.base/java.net=ALL-UNNAMED --add-opens=java.base/java.util.concurrent.atomic=ALL-UNNAMED -Xmx2048m -Dfile.encoding=UTF-8 -Duser.country=CN -Duser.language=zh -Duser.variant -javaagent:C:\Users\26811\.gradle\wrapper\dists\gradle-8.9-bin\90cnw93cvbtalezasaz0blq0a\gradle-8.9\lib\agents\gradle-instrumentation-agent-8.9.jar 
java_command: org.gradle.launcher.daemon.bootstrap.GradleDaemon 8.9
java_class_path (initial): C:\Users\26811\.gradle\wrapper\dists\gradle-8.9-bin\90cnw93cvbtalezasaz0blq0a\gradle-8.9\lib\gradle-daemon-main-8.9.jar
Launcher Type: SUN_STANDARD

[Global flags]
     intx CICompilerCount                          = 12                                        {product} {ergonomic}
     uint ConcGCThreads                            = 3                                         {product} {ergonomic}
     uint G1ConcRefinementThreads                  = 13                                        {product} {ergonomic}
   size_t G1HeapRegionSize                         = 1048576                                   {product} {ergonomic}
    uintx GCDrainStackTargetSize                   = 64                                        {product} {ergonomic}
   size_t InitialHeapSize                          = 266338304                                 {product} {ergonomic}
   size_t MarkStackSize                            = 4194304                                   {product} {ergonomic}
   size_t MaxHeapSize                              = 2147483648                                {product} {command line}
   size_t MaxNewSize                               = 1287651328                                {product} {ergonomic}
   size_t MinHeapDeltaBytes                        = 1048576                                   {product} {ergonomic}
   size_t MinHeapSize                              = 8388608                                   {product} {ergonomic}
    uintx NonNMethodCodeHeapSize                   = 7602480                                {pd product} {ergonomic}
    uintx NonProfiledCodeHeapSize                  = 122027880                              {pd product} {ergonomic}
    uintx ProfiledCodeHeapSize                     = 122027880                              {pd product} {ergonomic}
    uintx ReservedCodeCacheSize                    = 251658240                              {pd product} {ergonomic}
     bool SegmentedCodeCache                       = true                                      {product} {ergonomic}
   size_t SoftMaxHeapSize                          = 2147483648                             {manageable} {ergonomic}
     bool UseCompressedOops                        = true                           {product lp64_product} {ergonomic}
     bool UseG1GC                                  = true                                      {product} {ergonomic}
     bool UseLargePagesIndividualAllocation        = false                                  {pd product} {ergonomic}

Logging:
Log output configuration:
 #0: stdout all=warning uptime,level,tags foldmultilines=false
 #1: stderr all=off uptime,level,tags foldmultilines=false

Environment Variables:
JAVA_HOME=D:\JDK21
CLASSPATH=.;D:\JDK21\lib\dt.jar;D:\JDK21\lib\tools.jar;D:\JDK21\lib\htmlconverter.jar;D:\web\mysql-connector-java-3.1.14\mysql-connector-java-3.1.14-bin.jar
PATH=C:\Users\26811\bin;C:\Program Files\Git\mingw64\bin;C:\Program Files\Git\usr\local\bin;C:\Program Files\Git\usr\bin;C:\Program Files\Git\usr\bin;C:\Program Files\Git\mingw64\bin;C:\Program Files\Git\usr\bin;C:\Users\26811\bin;% JAVA_HOME%\bin;D:\Java\apache-tomcat-9.0.115\bin;C:\Program Files\Common Files\Oracle\Java\javapath;C:\Program Files (x86)\Common Files\Oracle\Java\javapath;C:\Windows\system32;C:\Windows;C:\Windows\System32\Wbem;C:\Windows\System32\WindowsPowerShell\v1.0;C:\Windows\System32\OpenSSH;C:\Program Files (x86)\NVIDIA Corporation\PhysX\Common;C:\Program Files\NVIDIA Corporation\NVIDIA app\NvDLISR;C:\Program Files\dotnet;D:\MATLAB\R2022b\runtime\win64;D:\MATLAB\R2022b\bin;D:\Python313;D:\Python313\Scripts;C:\Program Files\nodejs;D:\git_code\Git LFS;C:\Program Files\TortoiseGit\bin;C:\Program Files\Git\cmd;C:\Program Files\GitHub CLI;C:\Users\26811\.local\bin;D:\Python313\Scripts;D:\Python313;C:\Users\26811\AppData\Local\Programs\Python\Launcher;C:\Users\26811\AppData\Local\Microsoft\WindowsApps;D:\Program Files\Microsoft VS Code\bin;C:\Users\26811\AppData\Roaming\npm;C:\Users\26811\AppData\Local\Pandoc;C:\texlive\2026\bin\windows;C:\Users\26811\AppData\Local\Programs\AutoHotkey\v2;D:\Code_IDE\HM\DevEco Studio\bin;C:\Program Files\Git\usr\bin\vendor_perl;C:\Program Files\Git\usr\bin\core_perl
USERNAME=26811
SHELL=C:\Program Files\Git\bin\bash.exe
TERM=xterm-256color
OS=Windows_NT
PROCESSOR_IDENTIFIER=AMD64 Family 23 Model 96 Stepping 1, AuthenticAMD
TMP=C:\Users\26811\AppData\Local\Temp
TEMP=C:\Users\26811\AppData\Local\Temp




Periodic native trim disabled

---------------  S Y S T E M  ---------------

OS:
 Windows 10 , 64 bit Build 19041 (10.0.19041.5915)
OS uptime: 6 days 22:56 hours
Hyper-V role detected

CPU: total 16 (initial active 16) (16 cores per cpu, 2 threads per core) family 23 model 96 stepping 1 microcode 0x0, cx8, cmov, fxsr, ht, mmx, 3dnowpref, sse, sse2, sse3, ssse3, sse4a, sse4.1, sse4.2, popcnt, lzcnt, tsc, tscinvbit, avx, avx2, aes, clmul, bmi1, bmi2, adx, sha, fma, vzeroupper, clflush, clflushopt, hv, rdtscp, rdpid, f16c
Processor Information for all 16 processors :
  Max Mhz: 2900, Current Mhz: 2900, Mhz Limit: 2900

Memory: 4k page, system-wide physical 16253M (2214M free)
TotalPageFile size 32637M (AvailPageFile size 9M)
current process WorkingSet (physical memory assigned to process): 1506M, peak: 1654M
current process commit charge ("private bytes"): 1679M, peak: 1947M

vm_info: Java HotSpot(TM) 64-Bit Server VM (21.0.10+8-LTS-217) for windows-amd64 JRE (21.0.10+8-LTS-217), built on 2025-12-18T14:59:28Z by "mach5run" with MS VC++ 17.13 (VS2022)

END.
